seg_id,system_id,original_text,translation,ref_text,human_mqm_score,year,pair,source_lang,target_lang,dataset,lp,doc_id,chrf_pp,idiomatic,collocational,discourse,pragmatic,calque,issue_type,severity,problematic_phrase,suggested_fix,main_issue,low_confidence,max_score_diff,fluency2_raw
186,ONLINE-B,This is my personal Mandela effect thing. I'd never seen it in a cookbook. I'd never seen it at the fancy grocer or any of the Italian delis. I'd never seen anyone's mom make it or had it shoved at me at a party or seen it appear in conjunction with anyone's saucemaking escapades or baking days,"Das ist meine persönliche Sache mit dem Mandela-Effekt. Ich hatte es noch nie in einem Kochbuch gesehen. Ich hatte es noch nie im schicken Lebensmittelladen oder in einem der italienischen Feinkostläden gesehen. Ich hatte noch nie erlebt, dass jemandes Mutter es gemacht hat oder dass es mir auf einer Party untergeschoben wurde oder dass es im Zusammenhang mit den Saucen-Herstellungs- oder Backtagen von irgendjemandem <v>auftauchte</v>",,-3.0,wmt23,en-de,en,de,wmt23_mqm_tsv,en-de,,,5.0,4.0,6.0,5.0,4.0,calque,major,Saucen-Herstellungs- oder Backtagen,bei jemandes Saucen-Experimenten oder Backaktionen auftauchen,"Heavy calques and awkward compounds ('Sache mit dem Mandela-Effekt', 'Saucen-Herstellungs- oder Backtagen', 'untergeschoben') mirror English structure unnaturally.",False,0.0,4.64
400,ONLINE-B,I like the product it's a nice size and color! Unfortunately only had it a week and opened the one door and it cracked the top of the wood piece! I'm really disappointed! It's all assembled and I don't have the box anymore so how could I even think about sending it back?! My husband did try and fix it with wood glue but sadly that didn't work either! The door popped right out again!!,"Ich mag das Produkt, es hat eine schöne Größe und Farbe! Leider hatte ich es nur eine Woche und als ich die eine Tür öffnete, <v>war die Oberseite des Holzstücks gesprungen!</v> Ich bin wirklich enttäuscht! Es ist alles zusammengebaut und ich habe den Karton nicht mehr. Wie könnte ich also überhaupt daran denken, es zurückzuschicken?! Mein Mann hat versucht, es mit Holzleim zu reparieren, aber leider hat auch das nicht funktioniert! Die Tür sprang sofort wieder heraus!!",,-3.0,wmt23,en-de,en,de,wmt23_mqm_tsv,en-de,,,6.0,6.0,7.0,7.0,5.5,calque,major,Die Tür sprang sofort wieder heraus,Die Tür ging gleich wieder auf / löste sich sofort wieder,"Several literal renderings ('Holzstück', 'sprang heraus', 'hatte ich es nur eine Woche') sound like calques rather than natural German.",False,1.0,6.0649999999999995
186,refA,This is my personal Mandela effect thing. I'd never seen it in a cookbook. I'd never seen it at the fancy grocer or any of the Italian delis. I'd never seen anyone's mom make it or had it shoved at me at a party or seen it appear in conjunction with anyone's saucemaking escapades or baking days,"Das ist mein persönliches Mandela-Effekt-Ding. Ich hatte es noch nie zuvor in einem Kochbuch gesehen. Ich hatte es noch nie in einem schicken Lebensmittelladen oder in irgendeinem der italienischen Feinkostläden gesehen. Ich hatte noch nie gesehen, dass die Mutter von jemandem es zubereitet hat<v>,</v> oder dass es mir auf einer Party aufgedrängt wurde, oder dass es in Zusammenhang mit den Eskapaden der Saucenzubereitung oder den Backtagen von irgendwem auftauchte",,-2.0,wmt23,en-de,en,de,wmt23_mqm_tsv,en-de,,,5.0,5.0,6.0,5.0,4.0,calque,major,Eskapaden der Saucenzubereitung oder den Backtagen von irgendwem,wenn jemand Saucen kochte oder einen Backtag einlegte,"Several literal, calque-like renderings (""Mandela-Effekt-Ding"", ""Eskapaden der Saucenzubereitung"", ""Backtagen von irgendwem"") produce unidiomatic German phrasing.",False,0.0,4.92
400,refA,I like the product it's a nice size and color! Unfortunately only had it a week and opened the one door and it cracked the top of the wood piece! I'm really disappointed! It's all assembled and I don't have the box anymore so how could I even think about sending it back?! My husband did try and fix it with wood glue but sadly that didn't work either! The door popped right out again!!,"Ich mag das Produkt, es hat eine gute Größe und Farbe! Leider hatte ich es nur eine Woche, dann habe ich die eine Tür geöffnet und die Oberseite des Holzteils hat einen Riss gekriegt. Ich bin so enttäuscht! Es ist schon komplett zusammengebaut und ich habe auch den Karton nicht mehr, wie könnte ich nur daran denken, es zurückzusenden?! Mein Mann hat versucht, es mit Holzkleber zu reparieren, aber das hat leider auch nicht funktioniert! Die Tür ist direkt wieder rausgesprungen!!",,0.0,wmt23,en-de,en,de,wmt23_mqm_tsv,en-de,,,7.0,7.0,6.0,6.0,6.0,calque,major,"wie könnte ich nur daran denken, es zurückzusenden",wie soll ich es da überhaupt zurückschicken?,"The rhetorical question is rendered as a literal calque that shifts the meaning from 'how could I even send it back' to 'why would I consider it', sounding unidiomatic.",False,0.0,6.6800000000000015
360,IOL_Research,韩国媒体指出，金主爱自去年11月18日试射火星17飞弹首次在公开露脸以来，3个月以来曝光机率越来越高，至今已是第5度出现于正式场合。,"South Korean media pointed out that <v>Kim Jong-Ai</v> has been exposed more and more in the past three months since he first showed his face in public on November 18 last year when he test-fired the Mars 17 missile, and this is the fifth time he has appeared on an official occasion.‏‏‏",,-35.0,wmt23,zh-en,zh,en,wmt23_mqm_tsv,zh-en,,,4.0,3.0,5.0,4.0,3.0,calque,major,has been exposed more and more,has made increasingly frequent public appearances,"Literal calques like 'exposed more and more' and 'Mars 17 missile' (Hwasong-17) produce unnatural, unconventional English phrasing.",False,0.0,3.6400000000000006
360,ONLINE-B,韩国媒体指出，金主爱自去年11月18日试射火星17飞弹首次在公开露脸以来，3个月以来曝光机率越来越高，至今已是第5度出现于正式场合。,"South Korean media pointed out that since Kim Joo-ae made <v>his</v> first public appearance on November 18 last year when he test-fired the Hwasong-17 missile, the probability of exposure has been increasing in the past three months, and this is the fifth time he has appeared on a formal occasion.‏‏‏‏‏‏‏‏",,-18.0,wmt23,zh-en,zh,en,wmt23_mqm_tsv,zh-en,,,4.0,3.0,5.0,4.0,3.0,collocation,major,the probability of exposure has been increasing,she has been appearing more frequently in public,Literal calque of 曝光机率 as 'probability of exposure' is unidiomatic; also wrong pronoun gender for Kim Ju-ae.,False,0.0,3.6400000000000006
360,refA,韩国媒体指出，金主爱自去年11月18日试射火星17飞弹首次在公开露脸以来，3个月以来曝光机率越来越高，至今已是第5度出现于正式场合。,"The South Korean media pointed out that since Kim Joo-ae made <v>his</v> first public appearance on November 18 last year during the test launch of the Mars-17 missile, the exposure rate has increased over the past three months, and has now appeared on official occasions for the fifth time.‏‏‏‏‏‏‏‏‏‏‏‏‏‏‏",,-10.0,wmt23,zh-en,zh,en,wmt23_mqm_tsv,zh-en,,,4.5,4.0,5.0,5.0,4.0,collocation,major,the exposure rate has increased,her public appearances have become increasingly frequent,"Literal calques like 'exposure rate' and the wrong pronoun 'his' (Kim Ju-ae is female) produce unnatural, incorrect English.",False,1.0,4.35
90,Aya23,"Brewster Brothers"" wash plants transform 100 per cent of the excavated soils and rubble they process from the construction industry into high-value aggregates for reuse. Over the past six years, the firm's site near Livingston, West Lothian has prevented almost 1.35 million tonnes of construction, demolition and excavation waste going to landfill. It has created more than one million tonnes of recycled aggregates to sell into the industry.","Die Brewster Brothers-Waschanlagen verwandeln 100 Prozent der ausgegrabenen Böden und Schutt, die sie von der Baubranche verarbeiten, in hochwertige Schotter zur Wiederverwendung. In den vergangenen sechs Jahren hat die Anlage des Unternehmens in der Nähe von Livingston, West Lothian, verhindert, dass fast 1,35 Millionen Tonnen Bauschutt, Abriss- und Ausgrabungsmüll auf Mülldeponien landen. Dabei wurden mehr als eine Million Tonnen recycelter Schotter für die Industrie hergestellt.",,0.0,wmt24,en-de,en,de,wmt24_mqm_tsv,en-de,,,5.0,4.0,6.0,6.0,5.0,collocation,major,hochwertige Schotter,hochwertige Gesteinskörnungen/Zuschlagstoffe,"'Aggregates' is mistranslated as 'Schotter' (a specific type), and 'ausgegrabenen Böden und Schutt' shows case/agreement issues and awkward collocations.",False,0.0,4.870000000000001
90,Claude-3.5,"Brewster Brothers"" wash plants transform 100 per cent of the excavated soils and rubble they process from the construction industry into high-value aggregates for reuse. Over the past six years, the firm's site near Livingston, West Lothian has prevented almost 1.35 million tonnes of construction, demolition and excavation waste going to landfill. It has created more than one million tonnes of recycled aggregates to sell into the industry.","Die Waschanlage der Brewster Brothers verwandelt 100 Prozent der von ihnen verarbeiteten Aushubböden und Bauschutt aus der Bauindustrie in hochwertige Zuschlagstoffe zur Wiederverwendung. In den letzten sechs Jahren hat der Standort des Unternehmens in der Nähe von Livingston, West Lothian, verhindert, dass fast 1,35 Millionen Tonnen Bau-, Abbruch- und Aushubabfälle auf Deponien landen. Es wurden mehr als eine Million Tonnen recycelte Zuschlagstoffe hergestellt, die an die Industrie verkauft werden.",,0.0,wmt24,en-de,en,de,wmt24_mqm_tsv,en-de,,,7.0,7.0,7.0,7.0,6.0,calque,minor,"hat der Standort ... verhindert, dass","konnte am Standort ... verhindert werden, dass",Die Konstruktion 'der Standort hat verhindert' ist eine leicht unidiomatische Personifizierung nach englischem Vorbild; zudem Inkongruenz im ersten Satz (Waschanlage verwandelt ... Aushubböden und Bauschutt).,False,0.0,6.83
90,CommandR-plus,"Brewster Brothers"" wash plants transform 100 per cent of the excavated soils and rubble they process from the construction industry into high-value aggregates for reuse. Over the past six years, the firm's site near Livingston, West Lothian has prevented almost 1.35 million tonnes of construction, demolition and excavation waste going to landfill. It has created more than one million tonnes of recycled aggregates to sell into the industry.","Die Waschanlagen der Brewster Brothers verwandeln 100 Prozent der von ihnen aus der Bauindustrie verarbeiteten ausgegrabenen Böden und Trümmer in hochwertige Zuschlagstoffe zur Wiederverwendung. In den letzten sechs Jahren hat das Unternehmen auf seiner Baustelle in der Nähe von Livingston, West Lothian, fast 1,35 Millionen Tonnen Bau-, Abbruch- und Ausgrabungsabfälle von Deponien ferngehalten. Es hat mehr als eine Million Tonnen recycelter Zuschlagstoffe für die Industrie produziert.",,0.0,wmt24,en-de,en,de,wmt24_mqm_tsv,en-de,,,5.5,5.0,6.0,6.0,4.5,collocation,major,ausgegrabenen Böden und Trümmer,Aushub und Bauschutt,"Literal renderings like 'ausgegrabene Böden', 'Trümmer', 'Ausgrabungsabfälle' and 'Baustelle' (for 'site') are unidiomatic calques; German would use established terms like 'Aushub', 'Bauschutt', 'Aushubabfälle' and 'Standort'.",False,1.0,5.265000000000001
90,Dubformer,"Brewster Brothers"" wash plants transform 100 per cent of the excavated soils and rubble they process from the construction industry into high-value aggregates for reuse. Over the past six years, the firm's site near Livingston, West Lothian has prevented almost 1.35 million tonnes of construction, demolition and excavation waste going to landfill. It has created more than one million tonnes of recycled aggregates to sell into the industry.","Die Waschanlagen von Brewster Brothers wandeln 100 Prozent des von ihnen aufbereiteten Bodenaushubs und Schutts aus der Bauindustrie in hochwertige Zuschlagstoffe für die Wiederverwendung um. In den vergangenen sechs Jahren hat der Standort des Unternehmens in der Nähe von Livingston, West Lothian, verhindert, dass fast 1,35 Millionen Tonnen Bau-, Abbruch- und Aushubabfälle auf Deponien landeten. Dabei wurden mehr als eine Million Tonnen rezyklierte Zuschlagstoffe erzeugt, die an die Industrie verkauft werden.",,0.0,wmt24,en-de,en,de,wmt24_mqm_tsv,en-de,,,7.0,7.0,7.0,7.0,7.0,collocation,minor,"hat der Standort ... verhindert, dass",hat das Unternehmen an seinem Standort ... verhindert,Personifying 'Standort' as the agent that 'verhindert' is slightly unidiomatic; a human would rephrase with the company as subject.,False,0.0,7.000000000000001
90,GPT-4,"Brewster Brothers"" wash plants transform 100 per cent of the excavated soils and rubble they process from the construction industry into high-value aggregates for reuse. Over the past six years, the firm's site near Livingston, West Lothian has prevented almost 1.35 million tonnes of construction, demolition and excavation waste going to landfill. It has created more than one million tonnes of recycled aggregates to sell into the industry.","Die Waschanlagen der <v>""</v>Brewster Brothers"" verwandeln 100 Prozent der von ihnen verarbeiteten Aushub- und Schuttböden aus der Baubranche in hochwertige Zuschlagstoffe zur Wiederverwendung. In den letzten sechs Jahren hat das Unternehmen auf seinem Gelände in der Nähe von Livingston, West Lothian, fast 1,35 Millionen Tonnen Bau-, Abbruch- und Aushubabfälle vor der Deponierung bewahrt. Es hat mehr als eine Million Tonnen recycelter Zuschlagstoffe erzeugt, die in der Branche verkauft werden können.",,-2.0,wmt24,en-de,en,de,wmt24_mqm_tsv,en-de,,,6.0,5.5,7.0,7.0,6.0,collocation,major,Aushub- und Schuttböden,Aushub und Bauschutt,"The compound 'Aushub- und Schuttböden' is an unnatural collocation; 'Böden' doesn't fit rubble, and the phrasing reads as a literal rendering of the source.",False,1.0,6.01
90,Gemini-1.5-Pro,"Brewster Brothers"" wash plants transform 100 per cent of the excavated soils and rubble they process from the construction industry into high-value aggregates for reuse. Over the past six years, the firm's site near Livingston, West Lothian has prevented almost 1.35 million tonnes of construction, demolition and excavation waste going to landfill. It has created more than one million tonnes of recycled aggregates to sell into the industry.","Die Aufbereitungsanlagen von Brewster Brothers verwandeln 100 Prozent der ausgehobenen Böden und des Bauschutts aus der Bauindustrie in hochwertige Zuschlagstoffe zur Wiederverwendung. In den letzten sechs Jahren hat der Standort des Unternehmens in der Nähe von Livingston, West Lothian, verhindert, dass fast 1,35 Millionen Tonnen Bau-, Abbruch- und Aushubabfälle auf Deponien landen. Es wurden mehr als eine Million Tonnen recycelte Zuschlagstoffe für den Verkauf an die Industrie erzeugt.",,0.0,wmt24,en-de,en,de,wmt24_mqm_tsv,en-de,,,7.0,7.0,7.0,7.0,6.0,calque,minor,"hat der Standort des Unternehmens ... verhindert, dass","Am Standort ... wurde verhindert, dass ...","The structure 'der Standort ... hat verhindert' is a literal mirror of the English and sounds unnatural in German, where a site cannot act as agent.",False,0.0,6.83
90,IKUN,"Brewster Brothers"" wash plants transform 100 per cent of the excavated soils and rubble they process from the construction industry into high-value aggregates for reuse. Over the past six years, the firm's site near Livingston, West Lothian has prevented almost 1.35 million tonnes of construction, demolition and excavation waste going to landfill. It has created more than one million tonnes of recycled aggregates to sell into the industry.","Die Waschanlagen der Brewster Brothers verwandeln 100 Prozent der abgebauten Böden und Bauschutte, die sie aus der Baubranche verarbeiten, in hochwertige Baustoffe für die Wiederverwendung. In den letzten sechs Jahren hat die Firma auf ihrem Gelände in Livingston, West Lothian fast 1,35 Millionen Tonnen Bau-, Abbruch- und Grabungsabfälle verhindert, die sonst auf Deponien entsorgt worden wären. Die Firma hat mehr als eine Million Tonnen recycelte Baustoffe hergestellt, die sie an die Industrie verkauft.",,0.0,wmt24,en-de,en,de,wmt24_mqm_tsv,en-de,,,6.0,5.0,6.0,6.0,5.0,collocation,major,"Tonnen Bau-, Abbruch- und Grabungsabfälle verhindert","verhindert, dass ... auf Deponien gelangen; 'Aushub' statt 'Grabungsabfälle'","Unidiomatic collocations ('Abfälle verhindert', 'abgebaute Böden', 'Bauschutte' plural, 'Grabungsabfälle') reveal literal source-mirroring rather than natural German phrasing.",False,0.0,5.550000000000001
90,IOL_Research,"Brewster Brothers"" wash plants transform 100 per cent of the excavated soils and rubble they process from the construction industry into high-value aggregates for reuse. Over the past six years, the firm's site near Livingston, West Lothian has prevented almost 1.35 million tonnes of construction, demolition and excavation waste going to landfill. It has created more than one million tonnes of recycled aggregates to sell into the industry.","Die Waschanlagen der <v>""</v>Brewster Brothers"" verwandeln 100 % der ausgehobenen Böden und Trümmer, die sie aus der Baubranche verarbeiten, in hochwertige Aggregatsstoffe für die Wiederverwendung. In den letzten sechs Jahren hat der Standort des Unternehmens in der Nähe von Livingston, West Lothian, fast 1,35 Millionen Tonnen Bau-, Abbruch- und Ausgrabungsschutt verhindert, der auf Mülldeponien gelangt wäre. Es hat mehr als eine Million Tonnen recycelter Aggregatsstoffe für den Verkauf an die Branche hergestellt.",,-2.0,wmt24,en-de,en,de,wmt24_mqm_tsv,en-de,,,5.0,4.0,6.0,6.0,4.0,false_friend,major,hochwertige Aggregatsstoffe,hochwertige Gesteinskörnungen/Zuschlagstoffe,"'Aggregates' ist als 'Aggregatsstoffe' falsch übersetzt; korrekt wären 'Gesteinskörnungen' oder 'Zuschlagstoffe', zudem wirkt 'Tonnen ... verhindert, der auf Mülldeponien gelangt wäre' unidiomatisch.",False,0.0,4.7
90,Llama3-70B,"Brewster Brothers"" wash plants transform 100 per cent of the excavated soils and rubble they process from the construction industry into high-value aggregates for reuse. Over the past six years, the firm's site near Livingston, West Lothian has prevented almost 1.35 million tonnes of construction, demolition and excavation waste going to landfill. It has created more than one million tonnes of recycled aggregates to sell into the industry.","Die <v>""</v>Brewster Brothers""-Waschanlagen verwandeln 100 Prozent der ausgehobenen Böden und Schutt, die sie aus der Bauindustrie verarbeiten, in hochwertige Zuschlagstoffe für die Wiederverwendung. In den letzten sechs Jahren hat der Standort des Unternehmens nahe Livingston, West Lothian fast 1,35 Millionen Tonnen Abfälle aus Bau, Abriss und Ausgrabungen daran gehindert, auf Deponien zu gelangen. Es hat mehr als eine Million Tonnen recycelter Zuschlagstoffe für den Verkauf in die Industrie erstellt.",,-2.0,wmt24,en-de,en,de,wmt24_mqm_tsv,en-de,,,5.0,5.0,6.0,6.0,4.0,calque,major,"daran gehindert, auf Deponien zu gelangen","verhindert, dass ... auf Deponien gelangen / vor der Deponierung bewahrt","Mehrere Calques und unidiomatische Kollokationen (z.B. 'daran gehindert, auf Deponien zu gelangen', 'für den Verkauf in die Industrie erstellt', Genusfehler bei 'Böden und Schutt').",False,0.0,4.98
90,MSLC,"Brewster Brothers"" wash plants transform 100 per cent of the excavated soils and rubble they process from the construction industry into high-value aggregates for reuse. Over the past six years, the firm's site near Livingston, West Lothian has prevented almost 1.35 million tonnes of construction, demolition and excavation waste going to landfill. It has created more than one million tonnes of recycled aggregates to sell into the industry.","<v>Brewster Brothers wandeln 100 % der ausgegrabenen Böden um und drücken sie von der Bauindustrie in hochwertige Aggregate für die Weiterverwendung</v>. In den letzten sechs Jahren hat West Lothian nahe Livingston fast 1,35 Millionen Tonnen Bau-, Abbruch- und Grabungsabfälle auf Deponien verhindert. Es hat mehr als eine Million Tonnen recycelter Aggregate für den Verkauf in die Industrie geschaffen.",,-5.0,wmt24,en-de,en,de,wmt24_mqm_tsv,en-de,,,2.0,2.0,3.0,3.0,2.0,calque,critical,drücken sie von der Bauindustrie in hochwertige Aggregate,Die Waschanlagen von Brewster Brothers verwandeln 100 % der aus der Bauindustrie stammenden Aushub- und Bauschuttmaterialien in hochwertige Gesteinskörnungen zur Wiederverwendung.,"Severe mistranslation and calques: 'wash plants' omitted, 'process' rendered as 'drücken', subject confusion (West Lothian verhindert Abfälle), and 'aggregates' literally as 'Aggregate' instead of 'Gesteinskörnungen'.",False,0.0,2.15
90,Mistral-Large,"Brewster Brothers"" wash plants transform 100 per cent of the excavated soils and rubble they process from the construction industry into high-value aggregates for reuse. Over the past six years, the firm's site near Livingston, West Lothian has prevented almost 1.35 million tonnes of construction, demolition and excavation waste going to landfill. It has created more than one million tonnes of recycled aggregates to sell into the industry.","Die Aufbereitungsanlagen der „Brewster Brothers“ wandeln 100 Prozent der Böden und Trümmer, die sie aus der Bauindustrie verarbeiten, in hochwertige Aggregate für die Wiederverwendung um. In den letzten sechs Jahren hat das Unternehmen auf seiner Baustelle in der Nähe von Livingston, West Lothian, fast 1,35 Millionen Tonnen Bau-, Abbruch- und Aushubabfälle davon abgehalten, auf Deponien zu landen. Es wurden mehr als eine Million Tonnen recycelter Aggregate hergestellt, die in die Industrie verkauft werden.",,0.0,wmt24,en-de,en,de,wmt24_mqm_tsv,en-de,,,5.0,4.0,6.0,5.0,4.0,false_friend,major,hochwertige Aggregate,hochwertige Gesteinskörnungen/Zuschlagstoffe,"'Aggregates' is mistranslated as 'Aggregate' (machines), a false friend; the correct term is 'Gesteinskörnungen' or 'Zuschlagstoffe'. Other phrasings like 'davon abgehalten, auf Deponien zu landen' and 'Baustelle' (for 'site') are unidiomatic calques.",False,0.0,4.64
90,ONLINE-B,"Brewster Brothers"" wash plants transform 100 per cent of the excavated soils and rubble they process from the construction industry into high-value aggregates for reuse. Over the past six years, the firm's site near Livingston, West Lothian has prevented almost 1.35 million tonnes of construction, demolition and excavation waste going to landfill. It has created more than one million tonnes of recycled aggregates to sell into the industry.","Die Waschanlagen von Brewster Brothers wandeln 100 Prozent der ausgehobenen Erde und des Bauschutts, die sie aus der Bauindustrie verarbeiten, in hochwertige Zuschlagstoffe zur Wiederverwendung um. In den letzten sechs Jahren hat das Unternehmen an seinem Standort in der Nähe von Livingston, West Lothian, verhindert, dass fast 1,35 Millionen Tonnen Bau-, Abbruch- und Aushubabfälle auf Deponien landeten. Es wurden mehr als eine Million Tonnen recycelter Zuschlagstoffe erzeugt, die an die Industrie verkauft werden.",,0.0,wmt24,en-de,en,de,wmt24_mqm_tsv,en-de,,,7.0,7.0,7.0,7.0,6.0,calque,minor,die sie aus der Bauindustrie verarbeiten,die sie aus der Bauindustrie erhalten/verarbeiten,The relative clause mirrors the English structure awkwardly; 'aus der Bauindustrie verarbeiten' is an unnatural collocation in German.,False,0.0,6.83
90,ONLINE-W,"Brewster Brothers"" wash plants transform 100 per cent of the excavated soils and rubble they process from the construction industry into high-value aggregates for reuse. Over the past six years, the firm's site near Livingston, West Lothian has prevented almost 1.35 million tonnes of construction, demolition and excavation waste going to landfill. It has created more than one million tonnes of recycled aggregates to sell into the industry.","Die Waschanlagen von Brewster Brothers wandeln 100 Prozent des von ihnen aufbereiteten Bodenaushubs und Schutts aus der Bauindustrie in hochwertige Zuschlagstoffe für die Wiederverwendung um. In den vergangenen sechs Jahren hat der Standort des Unternehmens in der Nähe von Livingston, West Lothian, verhindert, dass fast 1,35 Millionen Tonnen Bau-, Abbruch- und Aushubabfälle auf Deponien landeten. Dabei wurden mehr als eine Million Tonnen rezyklierte Zuschlagstoffe erzeugt, die an die Industrie verkauft werden.",,0.0,wmt24,en-de,en,de,wmt24_mqm_tsv,en-de,,,7.0,7.0,7.0,7.0,7.0,collocation,minor,"hat der Standort ... verhindert, dass","hat das Unternehmen an seinem Standort ... verhindert, dass","Personifizierung des 'Standorts' als Handelnder wirkt leicht unidiomatisch; ansonsten solide, aber mit kleineren Kollokationsschwächen.",False,0.0,7.000000000000001
90,Unbabel-Tower70B,"Brewster Brothers"" wash plants transform 100 per cent of the excavated soils and rubble they process from the construction industry into high-value aggregates for reuse. Over the past six years, the firm's site near Livingston, West Lothian has prevented almost 1.35 million tonnes of construction, demolition and excavation waste going to landfill. It has created more than one million tonnes of recycled aggregates to sell into the industry.","Die Waschanlagen der „Brewster Brothers“ verwandeln 100 Prozent des ausgegrabenen Bodens und Schutts aus der Bauindustrie in hochwertige Zuschlagstoffe zur Wiederverwendung. In den letzten sechs Jahren hat die Firma an ihrem Standort in der Nähe von Livingston, West Lothian, verhindert, dass fast 1,35 Millionen Tonnen an Bau-, Abriss- und Aushubabfällen auf Deponien landeten. Sie hat über eine Million Tonnen recycelter Zuschlagstoffe hergestellt, die an die Industrie verkauft wurden.",,0.0,wmt24,en-de,en,de,wmt24_mqm_tsv,en-de,,,7.0,7.0,7.0,7.0,6.0,collocation,minor,ausgegrabenen Bodens und Schutts,Aushub und Bauschutt,"Some renderings are slightly calque-like ('ausgegrabenen Bodens' instead of the conventional 'Aushub'), and the final clause shifts tense ('verkauft wurden') rather than expressing the intended purpose of sale.",False,0.0,6.83
90,refA,"Brewster Brothers"" wash plants transform 100 per cent of the excavated soils and rubble they process from the construction industry into high-value aggregates for reuse. Over the past six years, the firm's site near Livingston, West Lothian has prevented almost 1.35 million tonnes of construction, demolition and excavation waste going to landfill. It has created more than one million tonnes of recycled aggregates to sell into the industry.","Die Waschanlagen der Brewster Brothers wandeln 100 Prozent des ausgegrabenen Bauschutts, den sie von der Baubranche erhalten, in hochwertige Aggregate um, die wieder neu genutzt werden können. In den letzten sechs Jahren hat das Werk des Unternehmens in der Nähe von Livingston, West Lothian, verhindert, dass fast 1,35 Millionen Tonnen an Bau-, Abriss- und Grabungsschutt auf einer Müllhalde landen. Es wurden mehr als eine Million Tonnen recycelter Aggregate erschaffen, um sie in der Branche zu verkaufen.",,0.0,wmt24,en-de,en,de,wmt24_mqm_tsv,en-de,,,5.0,4.0,6.0,5.0,4.0,false_friend,major,hochwertige Aggregate,hochwertige Gesteinskörnungen/Zuschlagstoffe,"'Aggregates' is mistranslated as 'Aggregate' (machines), a false friend; correct term is 'Gesteinskörnungen' or 'Zuschlagstoffe'.",False,0.0,4.64
90,Aya23,"Brewster Brothers"" wash plants transform 100 per cent of the excavated soils and rubble they process from the construction industry into high-value aggregates for reuse. Over the past six years, the firm's site near Livingston, West Lothian has prevented almost 1.35 million tonnes of construction, demolition and excavation waste going to landfill. It has created more than one million tonnes of recycled aggregates to sell into the industry.","Las plantas de lavado Brewster Brothers transforman el 100% de los suelos y escombros excavados que procesan de la industria de la construcción en agregados de alto valor para su reutilización. Durante los últimos seis años, la empresa ha evitado que casi 1<v>,</v>35 millones de toneladas de residuos de construcción, demolición y excavación sean enviados a vertederos. Ha creado más de un millón de toneladas de agregados reciclados para vender en la industria.",,-1.0,wmt24,en-es,en,es,wmt24_mqm_tsv,en-es,,,6.0,5.0,6.0,6.0,5.0,calque,major,agregados de alto valor,áridos de alto valor,"'Aggregates' se traduce por calco como 'agregados' en lugar del término técnico español 'áridos', y otras expresiones ('vender en la industria', 'suelos excavados') resultan literales y poco idiomáticas.",False,0.0,5.550000000000001
90,Claude-3.5,"Brewster Brothers"" wash plants transform 100 per cent of the excavated soils and rubble they process from the construction industry into high-value aggregates for reuse. Over the past six years, the firm's site near Livingston, West Lothian has prevented almost 1.35 million tonnes of construction, demolition and excavation waste going to landfill. It has created more than one million tonnes of recycled aggregates to sell into the industry.","Las plantas de lavado de Brewster Brothers transforman el 100 por ciento de los suelos excavados y los escombros que procesan de la industria de la construcción en agregados de alto valor para su reutilización. Durante los últimos seis años, el sitio de la empresa cerca de Livingston, West Lothian, ha evitado que casi 1,35 millones de toneladas de residuos de construcción, demolición y excavación vayan a vertederos. Ha creado más de un millón de toneladas de agregados reciclados para vender a la industria.",,0.0,wmt24,en-es,en,es,wmt24_mqm_tsv,en-es,,,6.0,5.5,7.0,7.0,5.0,calque,major,agregados de alto valor,áridos de alto valor,'Agregados' is a calque of English 'aggregates'; the standard Spanish term in construction is 'áridos'. Also 'sitio' and 'suelos excavados' feel literal.,False,1.0,5.84
90,CommandR-plus,"Brewster Brothers"" wash plants transform 100 per cent of the excavated soils and rubble they process from the construction industry into high-value aggregates for reuse. Over the past six years, the firm's site near Livingston, West Lothian has prevented almost 1.35 million tonnes of construction, demolition and excavation waste going to landfill. It has created more than one million tonnes of recycled aggregates to sell into the industry.","Las plantas de lavado ""Hermanos Brewster"" transforman el 100 por ciento de los suelos excavados y escombros que procesan de la industria de la construcción en agregados de alto valor para su reutilización. Durante los últimos seis años, el sitio de la empresa cerca de Livingston, West Lothian, ha evitado que casi 1<v>,</v>35 millones de toneladas de desechos de construcción, demolición y excavación terminen en vertederos. Ha creado más de un millón de toneladas de agregados reciclados para vender a la industria.",,-1.0,wmt24,en-es,en,es,wmt24_mqm_tsv,en-es,,,6.0,5.0,6.0,6.0,5.0,calque,major,agregados de alto valor,áridos de alto valor,"'Aggregates' se calca como 'agregados' en lugar del término convencional 'áridos' en español peninsular, y 'sitio' suena a calco de 'site' (mejor 'instalación' o 'planta').",False,0.0,5.550000000000001
90,Dubformer,"Brewster Brothers"" wash plants transform 100 per cent of the excavated soils and rubble they process from the construction industry into high-value aggregates for reuse. Over the past six years, the firm's site near Livingston, West Lothian has prevented almost 1.35 million tonnes of construction, demolition and excavation waste going to landfill. It has created more than one million tonnes of recycled aggregates to sell into the industry.","Las plantas de lavado de Brewster Brothers transforman el 100% de los suelos excavados y escombros que procesan de la industria de la construcción en agregados de alto valor para su reutilización. En los últimos seis años, las instalaciones de la empresa cerca de Livingston, West Lothian, han evitado que casi 1.35 millones de toneladas de residuos de construcción, demolición y excavación fueran a parar a vertederos. Ha producido más de un millón de toneladas de agregados reciclados para vender a la industria.",,0.0,wmt24,en-es,en,es,wmt24_mqm_tsv,en-es,,,6.0,5.0,7.0,7.0,5.0,false_friend,major,agregados de alto valor,áridos de alto valor,'Agregados' is a calque/false friend for 'aggregates'; the standard Spanish term in construction is 'áridos'.,False,0.0,5.700000000000001
90,GPT-4,"Brewster Brothers"" wash plants transform 100 per cent of the excavated soils and rubble they process from the construction industry into high-value aggregates for reuse. Over the past six years, the firm's site near Livingston, West Lothian has prevented almost 1.35 million tonnes of construction, demolition and excavation waste going to landfill. It has created more than one million tonnes of recycled aggregates to sell into the industry.","Las plantas de lavado de Brewster Brothers transforman el 100% de los suelos excavados y escombros que procesan de la industria de la construcción en agregados de alto valor para su reutilización. Durante los últimos seis años, el sitio de la empresa cerca de Livingston, West Lothian, ha evitado que casi 1,35 millones de toneladas de residuos de construcción, demolición y excavación vayan a vertederos. Ha creado más de un millón de toneladas de agregados reciclados para vender en la industria.",,0.0,wmt24,en-es,en,es,wmt24_mqm_tsv,en-es,,,6.0,5.5,6.0,6.0,5.0,calque,major,agregados de alto valor,áridos de alto valor,"Uses calques like 'agregados' (should be 'áridos') and 'sitio' instead of 'planta/instalación', revealing literal English-influenced terminology.",False,1.0,5.690000000000001
90,Gemini-1.5-Pro,"Brewster Brothers"" wash plants transform 100 per cent of the excavated soils and rubble they process from the construction industry into high-value aggregates for reuse. Over the past six years, the firm's site near Livingston, West Lothian has prevented almost 1.35 million tonnes of construction, demolition and excavation waste going to landfill. It has created more than one million tonnes of recycled aggregates to sell into the industry.","Las plantas de lavado de ""Brewster Brothers"" transforman el 100% de los suelos excavados y los escombros que procesan de la industria de la construcción en agregados de alto valor para su reutilización. En los últimos seis años, las instalaciones de la empresa cerca de Livingston, West Lothian, han evitado que casi 1<v>,</v>35 millones de toneladas de residuos de construcción, demolición y excavación acaben en el vertedero. Ha creado más de un millón de toneladas de agregados reciclados para vender a la industria.",,-1.0,wmt24,en-es,en,es,wmt24_mqm_tsv,en-es,,,6.0,5.0,6.0,6.0,5.0,false_friend,major,agregados de alto valor,áridos de alto valor,'Agregados' is a calque; the standard Spanish term in construction is 'áridos'.,False,0.0,5.550000000000001
90,IKUN,"Brewster Brothers"" wash plants transform 100 per cent of the excavated soils and rubble they process from the construction industry into high-value aggregates for reuse. Over the past six years, the firm's site near Livingston, West Lothian has prevented almost 1.35 million tonnes of construction, demolition and excavation waste going to landfill. It has created more than one million tonnes of recycled aggregates to sell into the industry.","Las plantas de lavado de Brewster Brothers transforman el 100 % de los suelos y escombros que procesan de la industria de la construcción en agregados de alto valor para su reutilización. En los últimos seis años, el sitio de la empresa cerca de Livingston, West Lothian, ha evitado casi 1<v>,</v>35 millones de toneladas de residuos de construcción, demolición y excavación que van a vertederos. Ha creado más de 1 millón de toneladas de agregados reciclados para vender a la industria.",,-1.0,wmt24,en-es,en,es,wmt24_mqm_tsv,en-es,,,6.0,5.0,6.0,6.0,5.0,calque,major,el sitio de la empresa,la planta/instalación de la empresa; áridos en lugar de agregados,"Several calques and weak collocations ('agregados' for áridos, 'sitio' for instalación, 'residuos... que van a vertederos') make it read as a literal rendering rather than idiomatic Spanish.",False,0.0,5.550000000000001
90,IOL_Research,"Brewster Brothers"" wash plants transform 100 per cent of the excavated soils and rubble they process from the construction industry into high-value aggregates for reuse. Over the past six years, the firm's site near Livingston, West Lothian has prevented almost 1.35 million tonnes of construction, demolition and excavation waste going to landfill. It has created more than one million tonnes of recycled aggregates to sell into the industry.","Las plantas de lavado de ""Brewster Brothers"" transforman el 100% de los suelos y escombros excavados que procesan de la industria de la construcción en agregados de alto valor para su reutilización. En los últimos seis años, el sitio de la empresa cerca de Livingston, West Lothian, ha evitado que casi <v>1,35</v> millones de toneladas de desechos de construcción, demolición y excavación terminen en un vertedero. Ha creado más de un millón de toneladas de agregados reciclados para vender a la industria.",,-1.0,wmt24,en-es,en,es,wmt24_mqm_tsv,en-es,,,6.0,5.0,6.0,6.0,5.0,calque,major,agregados de alto valor,áridos de alto valor,"'Agregados' is a calque of 'aggregates'; the conventional Spanish term in construction is 'áridos', and 'sitio' and 'suelos excavados' also read as literal renderings.",False,0.0,5.550000000000001
90,Llama3-70B,"Brewster Brothers"" wash plants transform 100 per cent of the excavated soils and rubble they process from the construction industry into high-value aggregates for reuse. Over the past six years, the firm's site near Livingston, West Lothian has prevented almost 1.35 million tonnes of construction, demolition and excavation waste going to landfill. It has created more than one million tonnes of recycled aggregates to sell into the industry.","Las plantas de lavado de ""Brewster Brothers"" transforman el 100 por ciento de los suelos excavados y escombros que procesan de la industria de la construcción en agregados de alto valor para reutilizar. En los últimos seis años, el sitio de la empresa cerca de Livingston, West Lothian, ha evitado que casi 1<v>,</v>35 millones de toneladas de residuos de construcción, demolición y excavación vayan a vertederos. Ha creado más de un millón de toneladas de agregados reciclados para vender a la industria.",,-1.0,wmt24,en-es,en,es,wmt24_mqm_tsv,en-es,,,6.0,5.0,6.0,6.0,5.0,calque,major,agregados de alto valor,áridos de alto valor,"'Agregados' is a calque of 'aggregates'; the conventional Spanish term in construction is 'áridos', and 'sitio' for 'site' is also anglicized.",False,0.0,5.550000000000001
90,MSLC,"Brewster Brothers"" wash plants transform 100 per cent of the excavated soils and rubble they process from the construction industry into high-value aggregates for reuse. Over the past six years, the firm's site near Livingston, West Lothian has prevented almost 1.35 million tonnes of construction, demolition and excavation waste going to landfill. It has created more than one million tonnes of recycled aggregates to sell into the industry.","Las plantas de lavado de Brewster Brothers transforman el 100% de los suelos y escombros excavados que procesan desde la industria de la construcción en agregados de alto valor para su reutilización. Durante los últimos seis años, el emplazamiento de la empresa cerca de Livingston, West Lothian, ha impedido que casi 1<v>,</v>35 millones de toneladas de residuos de construcción, demolición y excavación vayan a vertederos. Ha creado más de un millón de toneladas de agregados reciclados para su venta a la industria.",,-1.0,wmt24,en-es,en,es,wmt24_mqm_tsv,en-es,,,6.0,5.0,6.0,6.0,5.0,calque,major,agregados de alto valor,áridos de alto valor,"'Agregados' is a calque of 'aggregates'; the conventional Spanish term in construction is 'áridos', and 'procesan desde la industria' is also an unnatural literal rendering.",False,0.0,5.550000000000001
90,Mistral-Large,"Brewster Brothers"" wash plants transform 100 per cent of the excavated soils and rubble they process from the construction industry into high-value aggregates for reuse. Over the past six years, the firm's site near Livingston, West Lothian has prevented almost 1.35 million tonnes of construction, demolition and excavation waste going to landfill. It has created more than one million tonnes of recycled aggregates to sell into the industry.","Las plantas de lavado ""Brewster Brothers"" transforman el 100 por ciento de los suelos excavados y escombros que procesan de la industria de la construcción en agregados de alto valor para su reutilización. Durante los últimos seis años, el sitio de la empresa cerca de Livingston, West Lothian, ha evitado que casi 1,35 millones de toneladas de residuos de construcción, demolición y excavación vayan a vertederos. Ha creado más de un millón de toneladas de agregados reciclados para vender a la industria.",,0.0,wmt24,en-es,en,es,wmt24_mqm_tsv,en-es,,,6.0,5.0,6.0,6.0,5.0,calque,major,agregados de alto valor,áridos de alto valor,'Agregados' is a calque of English 'aggregates'; in Spanish construction terminology the standard term is 'áridos'. Also 'sitio' and 'suelos excavados' sound literal.,False,0.0,5.550000000000001
90,ONLINE-B,"Brewster Brothers"" wash plants transform 100 per cent of the excavated soils and rubble they process from the construction industry into high-value aggregates for reuse. Over the past six years, the firm's site near Livingston, West Lothian has prevented almost 1.35 million tonnes of construction, demolition and excavation waste going to landfill. It has created more than one million tonnes of recycled aggregates to sell into the industry.","Las plantas de lavado de Brewster Brothers transforman el 100 por ciento de los suelos excavados y los escombros que procesan de la industria de la construcción en agregados de alto valor para su reutilización. Durante los últimos seis años, el sitio de la empresa cerca de Livingston, West Lothian, ha evitado casi 1,35 millones de toneladas de <v>Los</v> residuos de construcción, demolición y excavación van a vertederos. Ha creado más de un millón de toneladas de áridos reciclados para venderlos en la industria.",,-1.0,wmt24,en-es,en,es,wmt24_mqm_tsv,en-es,,,4.0,5.0,3.0,5.0,4.0,calque,major,"ha evitado casi 1,35 millones de toneladas de Los residuos de construcción, demolición y excavación van a vertederos","ha evitado que casi 1,35 millones de toneladas de residuos de construcción, demolición y excavación acaben en vertederos","A broken, ungrammatical sentence results from a literal calque of the English structure, with an intrusive capitalized 'Los' and a finite clause where a subordinate construction is required.",False,0.0,4.25
90,ONLINE-W,"Brewster Brothers"" wash plants transform 100 per cent of the excavated soils and rubble they process from the construction industry into high-value aggregates for reuse. Over the past six years, the firm's site near Livingston, West Lothian has prevented almost 1.35 million tonnes of construction, demolition and excavation waste going to landfill. It has created more than one million tonnes of recycled aggregates to sell into the industry.","Las plantas de lavado de Brewster Brothers transforman el 100% de las tierras excavadas y los escombros que procesan de la industria de la construcción en áridos de alto valor para su reutilización. En los últimos seis años, las instalaciones de la empresa cerca de Livingston (West Lothian) han evitado que casi 1<v>,</v>35 millones de toneladas de residuos de construcción, demolición y excavación fueran a parar a vertederos. Además, ha generado más de un millón de toneladas de áridos reciclados para vender a la industria.",,-1.0,wmt24,en-es,en,es,wmt24_mqm_tsv,en-es,,,8.0,8.0,8.0,8.0,8.0,none,minor,para vender a la industria,para su venta al sector,Overall natural and conventional; minor wording could be slightly more idiomatic in the final clause.,False,0.0,8.0
90,Unbabel-Tower70B,"Brewster Brothers"" wash plants transform 100 per cent of the excavated soils and rubble they process from the construction industry into high-value aggregates for reuse. Over the past six years, the firm's site near Livingston, West Lothian has prevented almost 1.35 million tonnes of construction, demolition and excavation waste going to landfill. It has created more than one million tonnes of recycled aggregates to sell into the industry.","Las plantas de lavado de <v>«Brewster</v> Brothers» transforman el 100% de los suelos excavados y los escombros que procesan de la industria de la construcción en agregados de alto valor que se pueden reutilizar. En los últimos seis años, la planta de la empresa situada cerca de Livingston, West Lothian, ha evitado el envío de casi 1,35 millones de toneladas de residuos de construcción, demolición y excavación a vertederos, y ha creado más de un millón de toneladas de agregados reciclados para su venta a la industria.",,-3.0,wmt24,en-es,en,es,wmt24_mqm_tsv,en-es,,,6.0,5.0,7.0,7.0,5.0,false_friend,major,agregados de alto valor,áridos de alto valor,'Agregados' is a calque of 'aggregates'; the standard Spanish term in construction is 'áridos'.,False,0.0,5.700000000000001
90,refA,"Brewster Brothers"" wash plants transform 100 per cent of the excavated soils and rubble they process from the construction industry into high-value aggregates for reuse. Over the past six years, the firm's site near Livingston, West Lothian has prevented almost 1.35 million tonnes of construction, demolition and excavation waste going to landfill. It has created more than one million tonnes of recycled aggregates to sell into the industry.","Las plantas de reciclaje de Brewster Brothers transforman el 100% de las tierras excavadas y los escombros que procesan de la industria de la construcción en áridos de alto valor para ser reusados. Durante los seis últimos años, las instalaciones situadas cerca de Livingston (West Lothian) han evitado el vertido de 1.35 millones de toneladas de residuos procedentes de la construcción, demolición y excavación. Han creado más de un millón de toneladas de áridos reciclados para venderlos a la industria.",,0.0,wmt24,en-es,en,es,wmt24_mqm_tsv,en-es,,,7.0,7.0,7.0,7.0,6.0,calque,minor,para ser reusados,para su reutilización,"Some literal renderings ('para ser reusados', '1.35' instead of '1,35', 'venderlos a la industria') slightly reduce naturalness.",False,0.0,6.83
360,IOL_Research,実際生きるか死ぬかでそういうことをすったもんだやってる時って 意外とそういう死生観でそれぞれが皆さん考えることって 兵隊さん軍人もあるんですよ はいはい それがもう70年も80年も経っちゃうとみんな忘れる いわゆる死が身近じゃないっていう世界に我々今近代生きてるわけですよ うん はい で改めてそういうことが長い時間って言うとね,<v>实际上，通过活着和死亡来了解这些事情的时候，</v>意外地发现每个人都有这样的态度，包括士兵和军人。是的，是的。但当这些事情已经过去了70年或80年，大家都忘记了。我们现代人现在生活在一个所谓死亡并不贴近的世界里。嗯，是的。所以，如果要重新审视这些事情，从长远来看，,,-5.0,wmt24,ja-zh,ja,zh,wmt24_mqm_tsv,ja-zh,,,5.0,5.0,5.0,5.0,4.5,calque,major,通过活着和死亡来了解这些事情的时候,在生死关头挣扎的时候,开头对「生きるか死ぬかですったもんだやってる」的处理过于字面，未转换为自然的中文生死攸关表达。,False,1.0,4.915
186,ONLINE-B,佐賀―仙台 第２クオーター、速攻を決める佐賀のレイナルド・ガルシア＝宮城県のゼビオアリーナ仙台（（ｃ）Ｂ．ＬＥＡＧＵＥ）,佐贺-仙台 第2节，佐贺队雷纳尔多·加西亚决定快攻=宫城县仙台<v>Xebio Arena ((c) B.LEAGUE)</v>,,-1.0,wmt24,ja-zh,ja,zh,wmt24_mqm_tsv,ja-zh,,,4.0,3.0,4.5,4.5,3.0,false_friend,major,决定快攻,打成快攻 / 完成快攻,「速攻を決める」被直译为「决定快攻」，属于假朋友式误译，篮球语境中应为「打成/完成快攻」，且场馆名未翻译、等号等排版也不自然。,False,1.0,3.625
360,ONLINE-B,実際生きるか死ぬかでそういうことをすったもんだやってる時って 意外とそういう死生観でそれぞれが皆さん考えることって 兵隊さん軍人もあるんですよ はいはい それがもう70年も80年も経っちゃうとみんな忘れる いわゆる死が身近じゃないっていう世界に我々今近代生きてるわけですよ うん はい で改めてそういうことが長い時間って言うとね,事实上，当你生死攸关地知道这样的事情时，令人惊讶的是每个人都会以这种<v>态度</v>思考它，甚至是士兵和军事人员，是的，从那时起已经过去了 70 或 80 年，我们都忘记了我们现在是这样。生活在一个所谓的死亡离我们并不那么近的世界。是的，是的，但让我重申，这需要很长时间。,,-1.0,wmt24,ja-zh,ja,zh,wmt24_mqm_tsv,ja-zh,,,3.0,3.0,3.0,3.0,3.0,calque,major,生死攸关地知道这样的事情时,在真正面临生死攸关的挣扎时,译文多处直译且语义偏离原文，衔接松散，口语标记处理生硬，整体表达不自然。,False,0.0,3.0
400,ONLINE-B,ABCニュースです なんでABCニュースをずっと見れますこれも NHKのBS見なくてもずっと見れます なんでこう仕事しながらとか暇な時は私これ聞きながらやってますね これがABCニュースです ただねABCニュースねCM多い これもNo.1モーニングショーとかって書いてありますけど アメリカのNo.1モーニングショー これとかがNHKで流れてるやつですねこれねはい,这是 ABC 新闻。为什么我可以一直看 ABC 新闻，即使我不看 NHK 的 BS，为什么我在工作或空闲时间听这个？ ABC 新闻。<v>这只是 ABC 新闻广告。</v>这也被称为“第一早间节目”，但这是在 NHK 播出的节目。,,-5.0,wmt24,ja-zh,ja,zh,wmt24_mqm_tsv,ja-zh,,,3.5,4.0,3.0,3.5,3.5,discourse_marker,major,为什么我可以一直看 ABC 新闻,之所以能一直看ABC新闻，是因为…,将「なんで」误作疑问而非原因说明，导致整段逻辑断裂，信息结构混乱且遗漏了「美国第一早间节目」等关键内容。,False,1.0,3.5950000000000006
186,refA,佐賀―仙台 第２クオーター、速攻を決める佐賀のレイナルド・ガルシア＝宮城県のゼビオアリーナ仙台（（ｃ）Ｂ．ＬＥＡＧＵＥ）,佐贺vs仙台 第二节，佐贺队的雷纳尔多·加西亚决定快攻=宫城县仙台XEBIO体育馆（(c)B联赛）,,0.0,wmt24,ja-zh,ja,zh,wmt24_mqm_tsv,ja-zh,,,5.0,4.0,6.0,6.0,4.0,collocation,major,决定快攻,完成快攻 / 快攻得分,「速攻を決める」被直译为「决定快攻」，搭配不当，应译为「完成快攻」或「快攻得分」。,False,0.0,4.7
360,refA,実際生きるか死ぬかでそういうことをすったもんだやってる時って 意外とそういう死生観でそれぞれが皆さん考えることって 兵隊さん軍人もあるんですよ はいはい それがもう70年も80年も経っちゃうとみんな忘れる いわゆる死が身近じゃないっていう世界に我々今近代生きてるわけですよ うん はい で改めてそういうことが長い時間って言うとね,事实上，争论是生是死这种问题的时候，你会惊讶地发现，这样的生死观，每个人各自思考的，其实包括士兵和军官也都会这么想 嗯嗯 已经过了70、80年了，每个人都忘记了这一点。也就是说，我们生活在一个离死亡并不那么近的现代社会 嗯，是的 那么，重新探讨这种事情，需要很长时间,,0.0,wmt24,ja-zh,ja,zh,wmt24_mqm_tsv,ja-zh,,,5.0,5.0,4.0,5.0,4.5,calque,major,争论是生是死这种问题的时候,在生死关头挣扎的时候,开头将「すったもんだやってる」直译为「争论」，且整体句式紧贴日语结构，导致语序与衔接不自然。,False,1.0,4.825
400,refA,ABCニュースです なんでABCニュースをずっと見れますこれも NHKのBS見なくてもずっと見れます なんでこう仕事しながらとか暇な時は私これ聞きながらやってますね これがABCニュースです ただねABCニュースねCM多い これもNo.1モーニングショーとかって書いてありますけど アメリカのNo.1モーニングショー これとかがNHKで流れてるやつですねこれねはい,是ABC新闻。为什么可以一直看ABC新闻，即使不看NHK的BS也可以看得到。为什么可以边工作边听或空闲时间听呢？这就是ABC新闻。只是啊，ABC新闻的广告真多，还写着是排名第一的早间节目，也是美国第一早间节目，这是NHK播放的节目哦，就是这个 好的,,0.0,wmt24,ja-zh,ja,zh,wmt24_mqm_tsv,ja-zh,,,4.5,5.0,4.0,4.0,4.0,calque,major,为什么可以一直看ABC新闻,为什么能一直看到ABC新闻呢？因为…,将日语「なんで…見れます」直译为「为什么可以…」，丢失了口语解释语气，导致语篇逻辑混乱、衔接生硬。,False,1.0,4.4799999999999995
