seg_id,system_id,original_text,translation,ref_text,human_mqm_score,year,pair,source_lang,target_lang,dataset,lp,doc_id,chrf_pp,fluency_mqm,fluency_mqm_idiomatic,fluency_mqm_collocational,fluency_mqm_discourse,fluency_mqm_pragmatic,fluency_mqm_calque,fluency_mqm_main_issue,fluency_mqm_issue_type,fluency_mqm_severity,fluency_mqm_errors_json
186,ONLINE-B,This is my personal Mandela effect thing. I'd never seen it in a cookbook. I'd never seen it at the fancy grocer or any of the Italian delis. I'd never seen anyone's mom make it or had it shoved at me at a party or seen it appear in conjunction with anyone's saucemaking escapades or baking days,"Das ist meine persönliche Sache mit dem Mandela-Effekt. Ich hatte es noch nie in einem Kochbuch gesehen. Ich hatte es noch nie im schicken Lebensmittelladen oder in einem der italienischen Feinkostläden gesehen. Ich hatte noch nie erlebt, dass jemandes Mutter es gemacht hat oder dass es mir auf einer Party untergeschoben wurde oder dass es im Zusammenhang mit den Saucen-Herstellungs- oder Backtagen von irgendjemandem <v>auftauchte</v>",,-3.0,wmt23,en-de,en,de,wmt23_mqm_tsv,en-de,,,93.0,95.0,99.0,100.0,100.0,99.0,"The translation uses 'untergeschoben' incorrectly for food being offered and employs overly technical, clunky phrasing for home cooking.",idiom_literal,major,"[{""dimension"": ""idiomatic"", ""severity"": ""major"", ""phrase"": ""untergeschoben wurde"", ""explanation"": ""'Untergeschoben' in German implies being framed or having something planted on you secretly (like evidence); it does not mean being insistently offered food ('aufgedrängt' or 'vorgesetzt').""}, {""dimension"": ""collocational"", ""severity"": ""minor"", ""phrase"": ""Saucen-Herstellungs-"", ""explanation"": ""'Herstellung' refers to industrial production or manufacturing; for home cooking, 'Soßenkochen' or 'Zubereitung' is the natural term.""}, {""dimension"": ""calque"", ""severity"": ""minor"", ""phrase"": ""im Zusammenhang mit den ... von irgendjemandem"", ""explanation"": ""This mirrors the English 'in conjunction with anyone's...' structure too literally, resulting in a clunky, non-native phrasing in German.""}]"
400,ONLINE-B,I like the product it's a nice size and color! Unfortunately only had it a week and opened the one door and it cracked the top of the wood piece! I'm really disappointed! It's all assembled and I don't have the box anymore so how could I even think about sending it back?! My husband did try and fix it with wood glue but sadly that didn't work either! The door popped right out again!!,"Ich mag das Produkt, es hat eine schöne Größe und Farbe! Leider hatte ich es nur eine Woche und als ich die eine Tür öffnete, <v>war die Oberseite des Holzstücks gesprungen!</v> Ich bin wirklich enttäuscht! Es ist alles zusammengebaut und ich habe den Karton nicht mehr. Wie könnte ich also überhaupt daran denken, es zurückzuschicken?! Mein Mann hat versucht, es mit Holzleim zu reparieren, aber leider hat auch das nicht funktioniert! Die Tür sprang sofort wieder heraus!!",,-3.0,wmt23,en-de,en,de,wmt23_mqm_tsv,en-de,,,98.0,100.0,99.0,100.0,100.0,99.0,Minor literal translations of 'the one door' and 'wood piece' that sound slightly less idiomatic in a furniture review.,calque,minor,"[{""dimension"": ""calque"", ""severity"": ""minor"", ""phrase"": ""die eine Tür"", ""explanation"": ""A literal translation of 'the one door'. While understandable, 'eine der Türen' or simply 'die Tür' would sound more natural in German unless specifically contrasting it with another door.""}, {""dimension"": ""collocational"", ""severity"": ""minor"", ""phrase"": ""Holzstück"", ""explanation"": ""In the context of furniture, 'Holzteil' or 'Element' is more common; 'Holzstück' sounds more like a random piece of wood or a scrap.""}]"
186,refA,This is my personal Mandela effect thing. I'd never seen it in a cookbook. I'd never seen it at the fancy grocer or any of the Italian delis. I'd never seen anyone's mom make it or had it shoved at me at a party or seen it appear in conjunction with anyone's saucemaking escapades or baking days,"Das ist mein persönliches Mandela-Effekt-Ding. Ich hatte es noch nie zuvor in einem Kochbuch gesehen. Ich hatte es noch nie in einem schicken Lebensmittelladen oder in irgendeinem der italienischen Feinkostläden gesehen. Ich hatte noch nie gesehen, dass die Mutter von jemandem es zubereitet hat<v>,</v> oder dass es mir auf einer Party aufgedrängt wurde, oder dass es in Zusammenhang mit den Eskapaden der Saucenzubereitung oder den Backtagen von irgendwem auftauchte",,-2.0,wmt23,en-de,en,de,wmt23_mqm_tsv,en-de,,,92.0,99.0,100.0,100.0,100.0,93.0,"The translation is overly literal, resulting in stiff genitive constructions and technical-sounding compound nouns that don't fit the casual tone.",calque,major,"[{""dimension"": ""calque"", ""severity"": ""major"", ""phrase"": ""Eskapaden der Saucenzubereitung"", ""explanation"": ""A literal translation of 'saucemaking escapades'; 'Saucenzubereitung' is too technical/formal for this context, and the genitive construction feels stiff and unnatural.""}, {""dimension"": ""calque"", ""severity"": ""minor"", ""phrase"": ""die Mutter von jemandem"", ""explanation"": ""Literal translation of 'anyone's mom'; 'jemandes Mutter' or a more natural phrasing like 'bei niemandem zu Hause' would be more idiomatic.""}, {""dimension"": ""calque"", ""severity"": ""minor"", ""phrase"": ""Backtagen von irgendwem"", ""explanation"": ""Literal mirror of 'baking days of anyone'; using 'von irgendwem' at the end of the sentence is a typical translation-ese structure.""}, {""dimension"": ""idiomatic"", ""severity"": ""minor"", ""phrase"": ""Mandela-Effekt-Ding"", ""explanation"": ""Literal translation of 'Mandela effect thing'; while 'Ding' is used colloquially, 'Sache' or 'Phänomen' would be more natural in German.""}]"
400,refA,I like the product it's a nice size and color! Unfortunately only had it a week and opened the one door and it cracked the top of the wood piece! I'm really disappointed! It's all assembled and I don't have the box anymore so how could I even think about sending it back?! My husband did try and fix it with wood glue but sadly that didn't work either! The door popped right out again!!,"Ich mag das Produkt, es hat eine gute Größe und Farbe! Leider hatte ich es nur eine Woche, dann habe ich die eine Tür geöffnet und die Oberseite des Holzteils hat einen Riss gekriegt. Ich bin so enttäuscht! Es ist schon komplett zusammengebaut und ich habe auch den Karton nicht mehr, wie könnte ich nur daran denken, es zurückzusenden?! Mein Mann hat versucht, es mit Holzkleber zu reparieren, aber das hat leider auch nicht funktioniert! Die Tür ist direkt wieder rausgesprungen!!",,0.0,wmt23,en-de,en,de,wmt23_mqm_tsv,en-de,,,97.0,99.0,99.0,100.0,100.0,99.0,Minor literal translations and non-standard word choices make the text sound slightly like a translation.,calque,minor,"[{""dimension"": ""idiomatic"", ""severity"": ""minor"", ""phrase"": ""Ich mag das Produkt"", ""explanation"": ""While grammatically correct, 'Mir gefällt das Produkt' is the more natural and standard way to express liking an object in German reviews.""}, {""dimension"": ""collocational"", ""severity"": ""minor"", ""phrase"": ""Holzkleber"", ""explanation"": ""The standard term for wood glue in German is 'Holzleim'; 'Holzkleber' is less common and sounds slightly technical or translated.""}, {""dimension"": ""calque"", ""severity"": ""minor"", ""phrase"": ""wie könnte ich nur daran denken, es zurückzusenden?!"", ""explanation"": ""This is a literal translation of the English 'how could I even think about'. A more idiomatic German expression for this context would be 'An eine Rücksendung ist gar nicht zu denken'.""}]"
360,IOL_Research,韩国媒体指出，金主爱自去年11月18日试射火星17飞弹首次在公开露脸以来，3个月以来曝光机率越来越高，至今已是第5度出现于正式场合。,"South Korean media pointed out that <v>Kim Jong-Ai</v> has been exposed more and more in the past three months since he first showed his face in public on November 18 last year when he test-fired the Mars 17 missile, and this is the fifth time he has appeared on an official occasion.‏‏‏",,-35.0,wmt23,zh-en,zh,en,wmt23_mqm_tsv,zh-en,,,84.0,90.0,100.0,99.0,100.0,95.0,"The translation relies on literal translations of Chinese idioms and terms (calques), leading to unnatural phrasing like 'exposed' and 'showed his face'.",calque,major,"[{""dimension"": ""idiomatic"", ""severity"": ""major"", ""phrase"": ""exposed more and more"", ""explanation"": ""This is a literal translation of the Chinese term '曝光' (bàoguāng). In English, 'exposed' often carries a negative connotation (e.g., exposed as a fraud) or refers to physical vulnerability. For a public figure, 'making more frequent public appearances' or 'increasing public profile' is more natural.""}, {""dimension"": ""idiomatic"", ""severity"": ""major"", ""phrase"": ""showed his face"", ""explanation"": ""A literal translation of '露脸' (lòuliǎn). In English, 'showed his face' is often used to describe someone appearing briefly or reluctantly after being absent. 'Made his first public appearance' is the standard professional phrasing for this context.""}, {""dimension"": ""calque"", ""severity"": ""major"", ""phrase"": ""Mars 17"", ""explanation"": ""A literal translation of '火星-17'. While '火星' means Mars, the standard English name for this North Korean missile series is 'Hwasong-17'. Using 'Mars' sounds like a translation error to a native reader.""}, {""dimension"": ""discourse"", ""severity"": ""minor"", ""phrase"": ""when he test-fired the Mars 17 missile"", ""explanation"": ""The phrasing 'when he test-fired' suggests the individual personally conducted the launch. Using 'at the test-firing' or 'during the test-firing' would be more natural to describe someone's presence at an event.""}]"
360,ONLINE-B,韩国媒体指出，金主爱自去年11月18日试射火星17飞弹首次在公开露脸以来，3个月以来曝光机率越来越高，至今已是第5度出现于正式场合。,"South Korean media pointed out that since Kim Joo-ae made <v>his</v> first public appearance on November 18 last year when he test-fired the Hwasong-17 missile, the probability of exposure has been increasing in the past three months, and this is the fifth time he has appeared on a formal occasion.‏‏‏‏‏‏‏‏",,-18.0,wmt23,zh-en,zh,en,wmt23_mqm_tsv,zh-en,,,94.0,100.0,99.0,100.0,100.0,95.0,The phrase 'probability of exposure' is a literal translation that sounds technical or statistical rather than journalistic.,calque,major,"[{""dimension"": ""calque"", ""severity"": ""major"", ""phrase"": ""probability of exposure"", ""explanation"": ""This is a literal translation of the Chinese '曝光机率'. In English, 'exposure' refers to media visibility, but 'probability' is used for statistical likelihood or risk. A native speaker would say 'frequency of appearances' or 'public profile'.""}, {""dimension"": ""collocational"", ""severity"": ""minor"", ""phrase"": ""appeared on a formal occasion"", ""explanation"": ""While understandable, it is more idiomatic to say 'at a formal event' or 'in a formal setting' rather than 'on an occasion' in this context.""}]"
360,refA,韩国媒体指出，金主爱自去年11月18日试射火星17飞弹首次在公开露脸以来，3个月以来曝光机率越来越高，至今已是第5度出现于正式场合。,"The South Korean media pointed out that since Kim Joo-ae made <v>his</v> first public appearance on November 18 last year during the test launch of the Mars-17 missile, the exposure rate has increased over the past three months, and has now appeared on official occasions for the fifth time.‏‏‏‏‏‏‏‏‏‏‏‏‏‏‏",,-10.0,wmt23,zh-en,zh,en,wmt23_mqm_tsv,zh-en,,,85.0,100.0,100.0,95.0,95.0,95.0,The translation suffers from a major discourse error regarding subject-verb coherence and uses an incorrect gender pronoun and a literal calque for a proper noun.,calque,major,"[{""dimension"": ""pragmatic"", ""severity"": ""major"", ""phrase"": ""his"", ""explanation"": ""Kim Joo-ae is the daughter of Kim Jong-un; using a male pronoun for a well-known female figure is a pragmatic failure in natural discourse.""}, {""dimension"": ""calque"", ""severity"": ""major"", ""phrase"": ""Mars-17"", ""explanation"": ""This is a literal translation of the Chinese name '火星' (Hwasong). In English-language media, the Korean name 'Hwasong-17' is the standard term.""}, {""dimension"": ""discourse"", ""severity"": ""major"", ""phrase"": ""the exposure rate has increased... and has now appeared"", ""explanation"": ""There is a subject-predicate mismatch. Grammatically, 'the exposure rate' is the subject of 'has now appeared', which is logically incorrect as the person (Kim Joo-ae) is the one who appeared.""}]"
90,Aya23,"Brewster Brothers"" wash plants transform 100 per cent of the excavated soils and rubble they process from the construction industry into high-value aggregates for reuse. Over the past six years, the firm's site near Livingston, West Lothian has prevented almost 1.35 million tonnes of construction, demolition and excavation waste going to landfill. It has created more than one million tonnes of recycled aggregates to sell into the industry.","Die Brewster Brothers-Waschanlagen verwandeln 100 Prozent der ausgegrabenen Böden und Schutt, die sie von der Baubranche verarbeiten, in hochwertige Schotter zur Wiederverwendung. In den vergangenen sechs Jahren hat die Anlage des Unternehmens in der Nähe von Livingston, West Lothian, verhindert, dass fast 1,35 Millionen Tonnen Bauschutt, Abriss- und Ausgrabungsmüll auf Mülldeponien landen. Dabei wurden mehr als eine Million Tonnen recycelter Schotter für die Industrie hergestellt.",,0.0,wmt24,en-de,en,de,wmt24_mqm_tsv,en-de,,,96.0,99.0,97.0,100.0,100.0,100.0,"The translation uses slightly non-standard terminology for the construction industry (e.g., 'Ausgrabung' instead of 'Aushub').",collocation,minor,"[{""dimension"": ""collocational"", ""severity"": ""minor"", ""phrase"": ""ausgegrabenen Böden"", ""explanation"": ""In a construction context, 'Erdaushub' is the standard technical term; 'ausgegrabene Böden' sounds like a literal translation and is slightly too descriptive/informal.""}, {""dimension"": ""collocational"", ""severity"": ""minor"", ""phrase"": ""hochwertige Schotter"", ""explanation"": ""'Schotter' is typically used as a mass noun in the singular. The plural 'Schotter' is rare and sounds unnatural here; 'hochwertigen Schotter' or the technical term 'Gesteinskörnungen' would be preferred.""}, {""dimension"": ""idiomatic"", ""severity"": ""minor"", ""phrase"": ""Ausgrabungsmüll"", ""explanation"": ""'Ausgrabung' usually refers to archaeological excavations. In construction, 'Aushub' is the correct term for excavated material.""}, {""dimension"": ""collocational"", ""severity"": ""minor"", ""phrase"": ""Abriss- und Ausgrabungsmüll"", ""explanation"": ""Standard industry terminology would be 'Bau- und Abbruchabfälle' or 'Bauschutt und Erdaushub'.""}]"
90,Claude-3.5,"Brewster Brothers"" wash plants transform 100 per cent of the excavated soils and rubble they process from the construction industry into high-value aggregates for reuse. Over the past six years, the firm's site near Livingston, West Lothian has prevented almost 1.35 million tonnes of construction, demolition and excavation waste going to landfill. It has created more than one million tonnes of recycled aggregates to sell into the industry.","Die Waschanlage der Brewster Brothers verwandelt 100 Prozent der von ihnen verarbeiteten Aushubböden und Bauschutt aus der Bauindustrie in hochwertige Zuschlagstoffe zur Wiederverwendung. In den letzten sechs Jahren hat der Standort des Unternehmens in der Nähe von Livingston, West Lothian, verhindert, dass fast 1,35 Millionen Tonnen Bau-, Abbruch- und Aushubabfälle auf Deponien landen. Es wurden mehr als eine Million Tonnen recycelte Zuschlagstoffe hergestellt, die an die Industrie verkauft werden.",,0.0,wmt24,en-de,en,de,wmt24_mqm_tsv,en-de,,,98.0,100.0,100.0,99.0,100.0,99.0,Minor literal translations of technical terms and slightly stiff sentence transitions.,calque,minor,"[{""dimension"": ""calque"", ""severity"": ""minor"", ""phrase"": ""Aushubböden"", ""explanation"": ""A literal translation of 'excavated soils'. While technically understandable, 'Erdaushub' or 'Bodenmaterial' are the standard idiomatic terms in German construction contexts.""}, {""dimension"": ""discourse"", ""severity"": ""minor"", ""phrase"": ""Es wurden"", ""explanation"": ""The use of the dummy subject 'Es' to start the sentence is grammatically correct but creates a slightly disconnected flow. Using a connector like 'Dabei wurden' or 'Insgesamt wurden' would be more natural.""}]"
90,CommandR-plus,"Brewster Brothers"" wash plants transform 100 per cent of the excavated soils and rubble they process from the construction industry into high-value aggregates for reuse. Over the past six years, the firm's site near Livingston, West Lothian has prevented almost 1.35 million tonnes of construction, demolition and excavation waste going to landfill. It has created more than one million tonnes of recycled aggregates to sell into the industry.","Die Waschanlagen der Brewster Brothers verwandeln 100 Prozent der von ihnen aus der Bauindustrie verarbeiteten ausgegrabenen Böden und Trümmer in hochwertige Zuschlagstoffe zur Wiederverwendung. In den letzten sechs Jahren hat das Unternehmen auf seiner Baustelle in der Nähe von Livingston, West Lothian, fast 1,35 Millionen Tonnen Bau-, Abbruch- und Ausgrabungsabfälle von Deponien ferngehalten. Es hat mehr als eine Million Tonnen recycelter Zuschlagstoffe für die Industrie produziert.",,0.0,wmt24,en-de,en,de,wmt24_mqm_tsv,en-de,,,87.0,100.0,89.0,100.0,100.0,98.0,"The translation uses non-technical and slightly misplaced terminology (e.g., 'Trümmer' and 'Baustelle'), which sounds unnatural in a professional industrial context.",collocation,major,"[{""dimension"": ""collocational"", ""severity"": ""major"", ""phrase"": ""Trümmer"", ""explanation"": ""In a construction/recycling context, 'Bauschutt' is the standard term for rubble; 'Trümmer' usually refers to ruins or debris from a disaster.""}, {""dimension"": ""collocational"", ""severity"": ""major"", ""phrase"": ""Baustelle"", ""explanation"": ""The source 'site' refers to a permanent facility or plant ('Standort' or 'Betriebsgelände'). 'Baustelle' specifically means a construction site where something is being built.""}, {""dimension"": ""collocational"", ""severity"": ""minor"", ""phrase"": ""Ausgrabungsabfälle"", ""explanation"": ""'Ausgrabung' refers to archaeological excavations. The technical term for excavated soil in construction is 'Erdaushub'.""}, {""dimension"": ""calque"", ""severity"": ""minor"", ""phrase"": ""von ihnen aus der Bauindustrie verarbeiteten"", ""explanation"": ""This extended adjective phrase is a clunky literal mirror of the English relative clause, making the sentence hard to read.""}, {""dimension"": ""calque"", ""severity"": ""minor"", ""phrase"": ""von Deponien ferngehalten"", ""explanation"": ""A literal translation of 'prevented... going to landfill'. In German, one would typically say 'die Deponierung von ... vermieden'.""}]"
90,Dubformer,"Brewster Brothers"" wash plants transform 100 per cent of the excavated soils and rubble they process from the construction industry into high-value aggregates for reuse. Over the past six years, the firm's site near Livingston, West Lothian has prevented almost 1.35 million tonnes of construction, demolition and excavation waste going to landfill. It has created more than one million tonnes of recycled aggregates to sell into the industry.","Die Waschanlagen von Brewster Brothers wandeln 100 Prozent des von ihnen aufbereiteten Bodenaushubs und Schutts aus der Bauindustrie in hochwertige Zuschlagstoffe für die Wiederverwendung um. In den vergangenen sechs Jahren hat der Standort des Unternehmens in der Nähe von Livingston, West Lothian, verhindert, dass fast 1,35 Millionen Tonnen Bau-, Abbruch- und Aushubabfälle auf Deponien landeten. Dabei wurden mehr als eine Million Tonnen rezyklierte Zuschlagstoffe erzeugt, die an die Industrie verkauft werden.",,0.0,wmt24,en-de,en,de,wmt24_mqm_tsv,en-de,,,99.0,99.0,100.0,100.0,100.0,100.0,no significant issues,none,cosmetic,"[{""dimension"": ""idiomatic"", ""severity"": ""minor"", ""phrase"": ""rezyklierte Zuschlagstoffe"", ""explanation"": ""While technically correct, 'recycelte' is much more common in German usage; 'rezykliert' sounds slightly more technical or Swiss-influenced, making it a bit less natural in a general corporate context.""}]"
90,GPT-4,"Brewster Brothers"" wash plants transform 100 per cent of the excavated soils and rubble they process from the construction industry into high-value aggregates for reuse. Over the past six years, the firm's site near Livingston, West Lothian has prevented almost 1.35 million tonnes of construction, demolition and excavation waste going to landfill. It has created more than one million tonnes of recycled aggregates to sell into the industry.","Die Waschanlagen der <v>""</v>Brewster Brothers"" verwandeln 100 Prozent der von ihnen verarbeiteten Aushub- und Schuttböden aus der Baubranche in hochwertige Zuschlagstoffe zur Wiederverwendung. In den letzten sechs Jahren hat das Unternehmen auf seinem Gelände in der Nähe von Livingston, West Lothian, fast 1,35 Millionen Tonnen Bau-, Abbruch- und Aushubabfälle vor der Deponierung bewahrt. Es hat mehr als eine Million Tonnen recycelter Zuschlagstoffe erzeugt, die in der Branche verkauft werden können.",,-2.0,wmt24,en-de,en,de,wmt24_mqm_tsv,en-de,,,97.0,99.0,99.0,100.0,100.0,99.0,The term 'Schuttböden' is a slightly unnatural combination as rubble is not categorized as soil in German technical terminology.,collocation,minor,"[{""dimension"": ""collocational"", ""severity"": ""minor"", ""phrase"": ""Aushub- und Schuttböden"", ""explanation"": ""While 'Aushub' (excavated soil) can be a type of 'Boden', 'Schutt' (rubble/debris) is not. The combination 'Schuttböden' is non-standard; 'Erdaushub und Bauschutt' would be the natural technical pairing.""}, {""dimension"": ""idiomatic"", ""severity"": ""minor"", ""phrase"": ""vor der Deponierung bewahrt"", ""explanation"": ""While grammatically correct, 'vor der Deponie bewahrt' or 'vor der Entsorgung auf Deponien bewahrt' is more idiomatic in German when discussing waste management.""}]"
90,Gemini-1.5-Pro,"Brewster Brothers"" wash plants transform 100 per cent of the excavated soils and rubble they process from the construction industry into high-value aggregates for reuse. Over the past six years, the firm's site near Livingston, West Lothian has prevented almost 1.35 million tonnes of construction, demolition and excavation waste going to landfill. It has created more than one million tonnes of recycled aggregates to sell into the industry.","Die Aufbereitungsanlagen von Brewster Brothers verwandeln 100 Prozent der ausgehobenen Böden und des Bauschutts aus der Bauindustrie in hochwertige Zuschlagstoffe zur Wiederverwendung. In den letzten sechs Jahren hat der Standort des Unternehmens in der Nähe von Livingston, West Lothian, verhindert, dass fast 1,35 Millionen Tonnen Bau-, Abbruch- und Aushubabfälle auf Deponien landen. Es wurden mehr als eine Million Tonnen recycelte Zuschlagstoffe für den Verkauf an die Industrie erzeugt.",,0.0,wmt24,en-de,en,de,wmt24_mqm_tsv,en-de,,,98.0,99.0,100.0,100.0,100.0,99.0,Minor idiomatic issues with technical terminology and a calque of English geographic naming conventions.,idiom_literal,minor,"[{""dimension"": ""idiomatic"", ""severity"": ""minor"", ""phrase"": ""ausgehobenen Böden"", ""explanation"": ""In the German construction and recycling industry, 'Erdaushub' is the standard idiomatic term for excavated soil material. 'Böden' (plural) sounds slightly like a literal translation of 'soils' and is less natural in this context.""}, {""dimension"": ""calque"", ""severity"": ""minor"", ""phrase"": ""Livingston, West Lothian"", ""explanation"": ""The use of a comma to separate a town from its county/region is an English convention. German typically uses 'in' (Livingston in West Lothian) or parentheses.""}]"
90,IKUN,"Brewster Brothers"" wash plants transform 100 per cent of the excavated soils and rubble they process from the construction industry into high-value aggregates for reuse. Over the past six years, the firm's site near Livingston, West Lothian has prevented almost 1.35 million tonnes of construction, demolition and excavation waste going to landfill. It has created more than one million tonnes of recycled aggregates to sell into the industry.","Die Waschanlagen der Brewster Brothers verwandeln 100 Prozent der abgebauten Böden und Bauschutte, die sie aus der Baubranche verarbeiten, in hochwertige Baustoffe für die Wiederverwendung. In den letzten sechs Jahren hat die Firma auf ihrem Gelände in Livingston, West Lothian fast 1,35 Millionen Tonnen Bau-, Abbruch- und Grabungsabfälle verhindert, die sonst auf Deponien entsorgt worden wären. Die Firma hat mehr als eine Million Tonnen recycelte Baustoffe hergestellt, die sie an die Industrie verkauft.",,0.0,wmt24,en-de,en,de,wmt24_mqm_tsv,en-de,,,88.0,95.0,93.0,100.0,100.0,100.0,The translation uses incorrect pluralization for a mass noun and unnatural terminology for construction-related waste management.,collocation,major,"[{""dimension"": ""collocational"", ""severity"": ""major"", ""phrase"": ""Bauschutte"", ""explanation"": ""The word 'Bauschutt' is a mass noun in German and does not have a plural form; 'Bauschutte' is grammatically and collocationally incorrect.""}, {""dimension"": ""idiomatic"", ""severity"": ""major"", ""phrase"": ""Abfälle verhindert"", ""explanation"": ""In German, 'Abfälle verhindern' refers to waste prevention (not creating waste in the first place). To describe diverting waste from a landfill, one would say 'vor der Deponierung bewahrt' or 'die Deponierung von Abfällen vermieden'.""}, {""dimension"": ""collocational"", ""severity"": ""minor"", ""phrase"": ""abgebauten Böden"", ""explanation"": ""In a construction context, soil is 'ausgehoben' (excavated), not 'abgebaut' (which refers to mining or dismantling).""}, {""dimension"": ""collocational"", ""severity"": ""minor"", ""phrase"": ""Grabungsabfälle"", ""explanation"": ""The term 'Grabung' usually refers to archaeological excavations. The standard technical term for construction excavation waste is 'Erdaushub' or 'Boden- und Steinaushub'.""}]"
90,IOL_Research,"Brewster Brothers"" wash plants transform 100 per cent of the excavated soils and rubble they process from the construction industry into high-value aggregates for reuse. Over the past six years, the firm's site near Livingston, West Lothian has prevented almost 1.35 million tonnes of construction, demolition and excavation waste going to landfill. It has created more than one million tonnes of recycled aggregates to sell into the industry.","Die Waschanlagen der <v>""</v>Brewster Brothers"" verwandeln 100 % der ausgehobenen Böden und Trümmer, die sie aus der Baubranche verarbeiten, in hochwertige Aggregatsstoffe für die Wiederverwendung. In den letzten sechs Jahren hat der Standort des Unternehmens in der Nähe von Livingston, West Lothian, fast 1,35 Millionen Tonnen Bau-, Abbruch- und Ausgrabungsschutt verhindert, der auf Mülldeponien gelangt wäre. Es hat mehr als eine Million Tonnen recycelter Aggregatsstoffe für den Verkauf an die Branche hergestellt.",,-2.0,wmt24,en-de,en,de,wmt24_mqm_tsv,en-de,,,91.0,100.0,93.0,99.0,100.0,99.0,Use of non-standard technical terminology and literal translations of construction-related terms.,collocation,major,"[{""dimension"": ""collocational"", ""severity"": ""major"", ""phrase"": ""Aggregatsstoffe"", ""explanation"": ""This is not a standard term in the German construction industry; 'Zuschlagstoffe' or 'Gesteinskörnungen' are the correct technical terms for 'aggregates'.""}, {""dimension"": ""collocational"", ""severity"": ""minor"", ""phrase"": ""Trümmer"", ""explanation"": ""In a construction and recycling context, 'Bauschutt' is the standard term. 'Trümmer' typically refers to ruins resulting from a catastrophe or war.""}, {""dimension"": ""collocational"", ""severity"": ""minor"", ""phrase"": ""Ausgrabungsschutt"", ""explanation"": ""'Ausgrabung' usually refers to archaeological excavations. For construction-related soil removal, 'Erdaushub' is the natural term.""}, {""dimension"": ""calque"", ""severity"": ""minor"", ""phrase"": ""verhindert, der auf Mülldeponien gelangt wäre"", ""explanation"": ""This is a literal translation of 'prevented ... waste going to landfill'. In German, it is more natural to say 'verhindert, dass ... auf Deponien landet' or 'vor der Deponierung bewahrt'.""}, {""dimension"": ""discourse"", ""severity"": ""minor"", ""phrase"": ""Es hat"", ""explanation"": ""The pronoun 'Es' is ambiguous here. It likely refers to 'das Unternehmen', but the grammatical subject of the preceding sentence was 'der Standort' (masculine), which would require 'Er'.""}]"
90,Llama3-70B,"Brewster Brothers"" wash plants transform 100 per cent of the excavated soils and rubble they process from the construction industry into high-value aggregates for reuse. Over the past six years, the firm's site near Livingston, West Lothian has prevented almost 1.35 million tonnes of construction, demolition and excavation waste going to landfill. It has created more than one million tonnes of recycled aggregates to sell into the industry.","Die <v>""</v>Brewster Brothers""-Waschanlagen verwandeln 100 Prozent der ausgehobenen Böden und Schutt, die sie aus der Bauindustrie verarbeiten, in hochwertige Zuschlagstoffe für die Wiederverwendung. In den letzten sechs Jahren hat der Standort des Unternehmens nahe Livingston, West Lothian fast 1,35 Millionen Tonnen Abfälle aus Bau, Abriss und Ausgrabungen daran gehindert, auf Deponien zu gelangen. Es hat mehr als eine Million Tonnen recycelter Zuschlagstoffe für den Verkauf in die Industrie erstellt.",,-2.0,wmt24,en-de,en,de,wmt24_mqm_tsv,en-de,,,91.0,100.0,93.0,99.0,100.0,99.0,"The translation uses incorrect collocations for industrial processes, such as 'erstellt' for manufacturing and 'Ausgrabungen' for construction excavation.",collocation,major,"[{""dimension"": ""collocational"", ""severity"": ""major"", ""phrase"": ""erstellt"", ""explanation"": ""In German, 'erstellen' is used for documents, plans, or digital content. Physical materials like aggregates (Zuschlagstoffe) are 'hergestellt' or 'produziert'.""}, {""dimension"": ""collocational"", ""severity"": ""minor"", ""phrase"": ""Ausgrabungen"", ""explanation"": ""In the context of construction waste, 'excavation' should be translated as 'Aushub'. 'Ausgrabungen' typically refers to archaeological excavations.""}, {""dimension"": ""discourse"", ""severity"": ""minor"", ""phrase"": ""Es hat"", ""explanation"": ""The pronoun 'Es' (neuter) refers back to the subject of the previous sentence, 'der Standort' (masculine). It should be 'Er' or the noun should be repeated to maintain coherence.""}, {""dimension"": ""calque"", ""severity"": ""minor"", ""phrase"": ""daran gehindert, auf Deponien zu gelangen"", ""explanation"": ""This is a literal translation of 'prevented... from going to'. A more natural German phrasing would be 'vor der Deponierung bewahrt' or 'verhindert, dass diese auf Deponien landen'.""}, {""dimension"": ""collocational"", ""severity"": ""minor"", ""phrase"": ""Verkauf in die Industrie"", ""explanation"": ""The standard preposition for selling to a sector is 'an' (Verkauf an die Industrie) rather than 'in'.""}]"
90,MSLC,"Brewster Brothers"" wash plants transform 100 per cent of the excavated soils and rubble they process from the construction industry into high-value aggregates for reuse. Over the past six years, the firm's site near Livingston, West Lothian has prevented almost 1.35 million tonnes of construction, demolition and excavation waste going to landfill. It has created more than one million tonnes of recycled aggregates to sell into the industry.","<v>Brewster Brothers wandeln 100 % der ausgegrabenen Böden um und drücken sie von der Bauindustrie in hochwertige Aggregate für die Weiterverwendung</v>. In den letzten sechs Jahren hat West Lothian nahe Livingston fast 1,35 Millionen Tonnen Bau-, Abbruch- und Grabungsabfälle auf Deponien verhindert. Es hat mehr als eine Million Tonnen recycelter Aggregate für den Verkauf in die Industrie geschaffen.",,-5.0,wmt24,en-de,en,de,wmt24_mqm_tsv,en-de,,,82.0,95.0,94.0,95.0,100.0,98.0,The translation uses nonsensical word choices ('drücken') and unnatural subject-verb-object relations that sound like a literal machine translation.,calque,major,"[{""dimension"": ""idiomatic"", ""severity"": ""major"", ""phrase"": ""drücken sie von der Bauindustrie in hochwertige Aggregate"", ""explanation"": ""The verb 'drücken' (to press/push) is a nonsensical translation for 'process' in this context. The entire phrase is unidiomatic and fails to convey the industrial process.""}, {""dimension"": ""discourse"", ""severity"": ""major"", ""phrase"": ""hat West Lothian nahe Livingston fast 1,35 Millionen Tonnen [...] verhindert"", ""explanation"": ""The translation makes the geographic location the active subject of the sentence, which is logically unnatural in German. It should be the 'Standort' (site) or 'das Unternehmen' (the firm).""}, {""dimension"": ""collocational"", ""severity"": ""major"", ""phrase"": ""auf Deponien verhindert"", ""explanation"": ""One does not 'prevent waste on landfills' in German. The correct collocation would be 'die Deponierung von Abfällen verhindert' or 'verhindert, dass Abfälle auf Deponien landen'.""}, {""dimension"": ""calque"", ""severity"": ""minor"", ""phrase"": ""Aggregate"", ""explanation"": ""In German, 'Aggregate' usually refers to mechanical units (like generators). For construction materials (aggregates), the terms 'Gesteinskörnungen' or 'Zuschlagstoffe' are standard.""}, {""dimension"": ""collocational"", ""severity"": ""minor"", ""phrase"": ""Verkauf in die Industrie"", ""explanation"": ""The correct preposition for selling to a sector is 'an die Industrie', not 'in die Industrie'.""}, {""dimension"": ""calque"", ""severity"": ""minor"", ""phrase"": ""ausgegrabenen Böden"", ""explanation"": ""A literal translation of 'excavated soils'. The technical term in German construction is 'Erdaushub' or simply 'Aushub'.""}]"
90,Mistral-Large,"Brewster Brothers"" wash plants transform 100 per cent of the excavated soils and rubble they process from the construction industry into high-value aggregates for reuse. Over the past six years, the firm's site near Livingston, West Lothian has prevented almost 1.35 million tonnes of construction, demolition and excavation waste going to landfill. It has created more than one million tonnes of recycled aggregates to sell into the industry.","Die Aufbereitungsanlagen der „Brewster Brothers“ wandeln 100 Prozent der Böden und Trümmer, die sie aus der Bauindustrie verarbeiten, in hochwertige Aggregate für die Wiederverwendung um. In den letzten sechs Jahren hat das Unternehmen auf seiner Baustelle in der Nähe von Livingston, West Lothian, fast 1,35 Millionen Tonnen Bau-, Abbruch- und Aushubabfälle davon abgehalten, auf Deponien zu landen. Es wurden mehr als eine Million Tonnen recycelter Aggregate hergestellt, die in die Industrie verkauft werden.",,0.0,wmt24,en-de,en,de,wmt24_mqm_tsv,en-de,,,92.0,99.0,93.0,100.0,100.0,95.0,"The use of 'Aggregate' as a literal translation for construction aggregates is a false friend in German, where it typically refers to machinery.",false_friend,major,"[{""dimension"": ""calque"", ""severity"": ""major"", ""phrase"": ""Aggregate"", ""explanation"": ""In German construction and recycling, 'aggregates' (sand, gravel, etc.) should be translated as 'Gesteinskörnungen' or 'Zuschlagstoffe'. 'Aggregate' in German usually refers to mechanical units or generators, making this a false friend/calque.""}, {""dimension"": ""collocational"", ""severity"": ""minor"", ""phrase"": ""Trümmer"", ""explanation"": ""While 'rubble' can be 'Trümmer', in the context of construction waste, 'Bauschutt' is the standard technical term. 'Trümmer' sounds more like ruins from a disaster or war.""}, {""dimension"": ""collocational"", ""severity"": ""minor"", ""phrase"": ""Baustelle"", ""explanation"": ""The source 'site' refers to the company's facility or plant. 'Baustelle' specifically means a construction site. 'Standort' or 'Betriebsgelände' would be more appropriate.""}, {""dimension"": ""idiomatic"", ""severity"": ""minor"", ""phrase"": ""davon abgehalten, auf Deponien zu landen"", ""explanation"": ""This is a literal translation of 'prevented... from going to landfill'. A more natural German phrasing would be 'vor der Deponierung bewahrt' or 'die Deponierung von ... verhindert'.""}]"
90,ONLINE-B,"Brewster Brothers"" wash plants transform 100 per cent of the excavated soils and rubble they process from the construction industry into high-value aggregates for reuse. Over the past six years, the firm's site near Livingston, West Lothian has prevented almost 1.35 million tonnes of construction, demolition and excavation waste going to landfill. It has created more than one million tonnes of recycled aggregates to sell into the industry.","Die Waschanlagen von Brewster Brothers wandeln 100 Prozent der ausgehobenen Erde und des Bauschutts, die sie aus der Bauindustrie verarbeiten, in hochwertige Zuschlagstoffe zur Wiederverwendung um. In den letzten sechs Jahren hat das Unternehmen an seinem Standort in der Nähe von Livingston, West Lothian, verhindert, dass fast 1,35 Millionen Tonnen Bau-, Abbruch- und Aushubabfälle auf Deponien landeten. Es wurden mehr als eine Million Tonnen recycelter Zuschlagstoffe erzeugt, die an die Industrie verkauft werden.",,0.0,wmt24,en-de,en,de,wmt24_mqm_tsv,en-de,,,98.0,100.0,99.0,100.0,100.0,99.0,Slightly literal translation of relative clauses and descriptive rather than technical terminology.,calque,minor,"[{""dimension"": ""calque"", ""severity"": ""minor"", ""phrase"": ""die sie aus der Bauindustrie verarbeiten"", ""explanation"": ""This is a literal translation of 'they process from'. In German, it is more natural to use an attributive participle like 'aus der Bauindustrie stammenden' or 'anfallenden'.""}, {""dimension"": ""collocational"", ""severity"": ""minor"", ""phrase"": ""ausgehobenen Erde"", ""explanation"": ""While grammatically correct, the standard technical term in the German construction industry for excavated soil is 'Erdaushub' or simply 'Aushub'.""}]"
90,ONLINE-W,"Brewster Brothers"" wash plants transform 100 per cent of the excavated soils and rubble they process from the construction industry into high-value aggregates for reuse. Over the past six years, the firm's site near Livingston, West Lothian has prevented almost 1.35 million tonnes of construction, demolition and excavation waste going to landfill. It has created more than one million tonnes of recycled aggregates to sell into the industry.","Die Waschanlagen von Brewster Brothers wandeln 100 Prozent des von ihnen aufbereiteten Bodenaushubs und Schutts aus der Bauindustrie in hochwertige Zuschlagstoffe für die Wiederverwendung um. In den vergangenen sechs Jahren hat der Standort des Unternehmens in der Nähe von Livingston, West Lothian, verhindert, dass fast 1,35 Millionen Tonnen Bau-, Abbruch- und Aushubabfälle auf Deponien landeten. Dabei wurden mehr als eine Million Tonnen rezyklierte Zuschlagstoffe erzeugt, die an die Industrie verkauft werden.",,0.0,wmt24,en-de,en,de,wmt24_mqm_tsv,en-de,,,99.0,99.0,100.0,100.0,100.0,100.0,no significant issues,none,cosmetic,"[{""dimension"": ""idiomatic"", ""severity"": ""minor"", ""phrase"": ""rezyklierte Zuschlagstoffe"", ""explanation"": ""While technically correct, 'recycelte' is much more common in German usage; 'rezykliert' sounds slightly more technical or Swiss-influenced, making it a bit less natural in a general corporate context.""}]"
90,Unbabel-Tower70B,"Brewster Brothers"" wash plants transform 100 per cent of the excavated soils and rubble they process from the construction industry into high-value aggregates for reuse. Over the past six years, the firm's site near Livingston, West Lothian has prevented almost 1.35 million tonnes of construction, demolition and excavation waste going to landfill. It has created more than one million tonnes of recycled aggregates to sell into the industry.","Die Waschanlagen der „Brewster Brothers“ verwandeln 100 Prozent des ausgegrabenen Bodens und Schutts aus der Bauindustrie in hochwertige Zuschlagstoffe zur Wiederverwendung. In den letzten sechs Jahren hat die Firma an ihrem Standort in der Nähe von Livingston, West Lothian, verhindert, dass fast 1,35 Millionen Tonnen an Bau-, Abriss- und Aushubabfällen auf Deponien landeten. Sie hat über eine Million Tonnen recycelter Zuschlagstoffe hergestellt, die an die Industrie verkauft wurden.",,0.0,wmt24,en-de,en,de,wmt24_mqm_tsv,en-de,,,98.0,100.0,98.0,100.0,100.0,100.0,Minor use of non-technical synonyms for industry-specific terms like 'excavated soils' and 'demolition'.,collocation,minor,"[{""dimension"": ""collocational"", ""severity"": ""minor"", ""phrase"": ""ausgegrabenen Bodens"", ""explanation"": ""In a construction context, 'Erdaushub' or simply 'Aushub' is the standard technical term. 'Ausgegrabener Boden' sounds slightly literal and less professional.""}, {""dimension"": ""collocational"", ""severity"": ""minor"", ""phrase"": ""Abriss-"", ""explanation"": ""While 'Abriss' is understood, 'Abbruch' is the standard industry term for demolition in the context of waste management (Abbruchabfälle).""}]"
90,refA,"Brewster Brothers"" wash plants transform 100 per cent of the excavated soils and rubble they process from the construction industry into high-value aggregates for reuse. Over the past six years, the firm's site near Livingston, West Lothian has prevented almost 1.35 million tonnes of construction, demolition and excavation waste going to landfill. It has created more than one million tonnes of recycled aggregates to sell into the industry.","Die Waschanlagen der Brewster Brothers wandeln 100 Prozent des ausgegrabenen Bauschutts, den sie von der Baubranche erhalten, in hochwertige Aggregate um, die wieder neu genutzt werden können. In den letzten sechs Jahren hat das Werk des Unternehmens in der Nähe von Livingston, West Lothian, verhindert, dass fast 1,35 Millionen Tonnen an Bau-, Abriss- und Grabungsschutt auf einer Müllhalde landen. Es wurden mehr als eine Million Tonnen recycelter Aggregate erschaffen, um sie in der Branche zu verkaufen.",,0.0,wmt24,en-de,en,de,wmt24_mqm_tsv,en-de,,,87.0,100.0,89.0,100.0,99.0,94.0,The use of 'Aggregate' (false friend for machinery) and 'erschaffen' (poetic register) makes the text sound like a non-native literal translation.,register_mismatch,major,"[{""dimension"": ""calque"", ""severity"": ""major"", ""phrase"": ""Aggregate"", ""explanation"": ""In German, 'Aggregate' refers to technical machinery or power units (e.g., generators). For construction materials like sand or gravel, the correct term is 'Zuschlagstoffe' or 'Gesteinskörnungen'. This is a literal translation of the English 'aggregates'.""}, {""dimension"": ""collocational"", ""severity"": ""major"", ""phrase"": ""erschaffen"", ""explanation"": ""The verb 'erschaffen' has a poetic or divine connotation (e.g., creating the world). In an industrial context, 'produziert', 'hergestellt', or 'gewonnen' should be used.""}, {""dimension"": ""collocational"", ""severity"": ""minor"", ""phrase"": ""Grabungsschutt"", ""explanation"": ""This is not a standard technical term in German. The correct term for excavated soil is 'Erdaushub'.""}, {""dimension"": ""pragmatic"", ""severity"": ""minor"", ""phrase"": ""Müllhalde"", ""explanation"": ""This term is quite informal/colloquial. In a professional or industrial context regarding waste management, 'Deponie' is the appropriate term for landfill.""}, {""dimension"": ""calque"", ""severity"": ""minor"", ""phrase"": ""ausgegrabenen Bauschutts"", ""explanation"": ""A literal translation of 'excavated soils and rubble'. In German, 'Bauschutt' (rubble) is usually not 'ausgegraben' (dug up); the phrase 'Aushub und Bauschutt' would be more natural.""}]"
90,Aya23,"Brewster Brothers"" wash plants transform 100 per cent of the excavated soils and rubble they process from the construction industry into high-value aggregates for reuse. Over the past six years, the firm's site near Livingston, West Lothian has prevented almost 1.35 million tonnes of construction, demolition and excavation waste going to landfill. It has created more than one million tonnes of recycled aggregates to sell into the industry.","Las plantas de lavado Brewster Brothers transforman el 100% de los suelos y escombros excavados que procesan de la industria de la construcción en agregados de alto valor para su reutilización. Durante los últimos seis años, la empresa ha evitado que casi 1<v>,</v>35 millones de toneladas de residuos de construcción, demolición y excavación sean enviados a vertederos. Ha creado más de un millón de toneladas de agregados reciclados para vender en la industria.",,-1.0,wmt24,en-es,en,es,wmt24_mqm_tsv,en-es,,,97.0,99.0,99.0,100.0,100.0,99.0,Minor naturalness issues arising from literal translations of prepositions and noun compounds.,calque,minor,"[{""dimension"": ""calque"", ""severity"": ""minor"", ""phrase"": ""Las plantas de lavado Brewster Brothers"", ""explanation"": ""In Spanish, noun-noun compounds from English require a preposition (usually 'de') to establish the relationship between the nouns (e.g., 'Las plantas de lavado de Brewster Brothers').""}, {""dimension"": ""collocational"", ""severity"": ""minor"", ""phrase"": ""procesan de la industria"", ""explanation"": ""The verb 'procesar' is transitive and does not typically take the preposition 'de' to indicate origin. It would be more natural to say 'que procesan, procedentes de la industria' or 'que provienen de'.""}, {""dimension"": ""idiomatic"", ""severity"": ""minor"", ""phrase"": ""vender en la industria"", ""explanation"": ""This is a literal translation of 'sell into the industry'. In Spanish, 'vender al sector' or 'comercializar en el sector' is the standard way to express selling to a specific market or industry.""}]"
90,Claude-3.5,"Brewster Brothers"" wash plants transform 100 per cent of the excavated soils and rubble they process from the construction industry into high-value aggregates for reuse. Over the past six years, the firm's site near Livingston, West Lothian has prevented almost 1.35 million tonnes of construction, demolition and excavation waste going to landfill. It has created more than one million tonnes of recycled aggregates to sell into the industry.","Las plantas de lavado de Brewster Brothers transforman el 100 por ciento de los suelos excavados y los escombros que procesan de la industria de la construcción en agregados de alto valor para su reutilización. Durante los últimos seis años, el sitio de la empresa cerca de Livingston, West Lothian, ha evitado que casi 1,35 millones de toneladas de residuos de construcción, demolición y excavación vayan a vertederos. Ha creado más de un millón de toneladas de agregados reciclados para vender a la industria.",,0.0,wmt24,en-es,en,es,wmt24_mqm_tsv,en-es,,,97.0,99.0,99.0,100.0,100.0,99.0,"The translation uses some literal renderings like 'sitio' for 'site' and 'vayan a' for 'going to', which are slightly unnatural in a professional context.",calque,minor,"[{""dimension"": ""calque"", ""severity"": ""minor"", ""phrase"": ""el sitio de la empresa"", ""explanation"": ""Literal translation of 'the firm's site'. In an industrial context, 'las instalaciones' or 'la planta' is much more natural than 'sitio'.""}, {""dimension"": ""idiomatic"", ""severity"": ""minor"", ""phrase"": ""vayan a vertederos"", ""explanation"": ""A bit literal for 'going to landfill'. Phrases like 'acaben en el vertedero' or 'sean destinados a vertederos' sound more professional and idiomatic.""}, {""dimension"": ""collocational"", ""severity"": ""minor"", ""phrase"": ""agregados"", ""explanation"": ""While used in some Latin American regions, 'áridos' is the standard technical term in the construction industry (especially in Spain) for aggregates.""}]"
90,CommandR-plus,"Brewster Brothers"" wash plants transform 100 per cent of the excavated soils and rubble they process from the construction industry into high-value aggregates for reuse. Over the past six years, the firm's site near Livingston, West Lothian has prevented almost 1.35 million tonnes of construction, demolition and excavation waste going to landfill. It has created more than one million tonnes of recycled aggregates to sell into the industry.","Las plantas de lavado ""Hermanos Brewster"" transforman el 100 por ciento de los suelos excavados y escombros que procesan de la industria de la construcción en agregados de alto valor para su reutilización. Durante los últimos seis años, el sitio de la empresa cerca de Livingston, West Lothian, ha evitado que casi 1<v>,</v>35 millones de toneladas de desechos de construcción, demolición y excavación terminen en vertederos. Ha creado más de un millón de toneladas de agregados reciclados para vender a la industria.",,-1.0,wmt24,en-es,en,es,wmt24_mqm_tsv,en-es,,,89.0,100.0,99.0,100.0,95.0,95.0,Literal translation of the company name and the use of 'sitio' as a calque for an industrial facility.,calque,major,"[{""dimension"": ""pragmatic"", ""severity"": ""major"", ""phrase"": ""Hermanos Brewster"", ""explanation"": ""Proper company names are generally not translated in professional Spanish business contexts. Translating 'Brewster Brothers' sounds like a literal translation of a fictional entity rather than a real firm.""}, {""dimension"": ""calque"", ""severity"": ""major"", ""phrase"": ""el sitio de la empresa"", ""explanation"": ""This is a literal translation of 'the firm's site'. In Spanish, 'sitio' is rarely used for industrial facilities; 'las instalaciones', 'la planta' or 'el centro' are the standard terms.""}, {""dimension"": ""collocational"", ""severity"": ""minor"", ""phrase"": ""agregados"", ""explanation"": ""While used in some Latin American regions, 'áridos' is the more standard technical term in the construction industry for 'aggregates' in many Spanish-speaking markets.""}]"
90,Dubformer,"Brewster Brothers"" wash plants transform 100 per cent of the excavated soils and rubble they process from the construction industry into high-value aggregates for reuse. Over the past six years, the firm's site near Livingston, West Lothian has prevented almost 1.35 million tonnes of construction, demolition and excavation waste going to landfill. It has created more than one million tonnes of recycled aggregates to sell into the industry.","Las plantas de lavado de Brewster Brothers transforman el 100% de los suelos excavados y escombros que procesan de la industria de la construcción en agregados de alto valor para su reutilización. En los últimos seis años, las instalaciones de la empresa cerca de Livingston, West Lothian, han evitado que casi 1.35 millones de toneladas de residuos de construcción, demolición y excavación fueran a parar a vertederos. Ha producido más de un millón de toneladas de agregados reciclados para vender a la industria.",,0.0,wmt24,en-es,en,es,wmt24_mqm_tsv,en-es,,,97.0,99.0,99.0,100.0,100.0,99.0,Minor punctuation calque and slightly imprecise technical terminology for the European context.,calque,minor,"[{""dimension"": ""calque"", ""severity"": ""minor"", ""phrase"": ""1.35"", ""explanation"": ""In Spanish, the decimal separator is typically a comma (1,35), although the point is used in some regions (Mexico/Central America). In a European context (Scotland), the comma is standard.""}, {""dimension"": ""collocational"", ""severity"": ""minor"", ""phrase"": ""procesan de la industria"", ""explanation"": ""The prepositional phrase 'procesan de' is slightly unnatural; 'procesan, procedentes de la industria' or 'que provienen de la industria' would be more standard.""}, {""dimension"": ""idiomatic"", ""severity"": ""minor"", ""phrase"": ""agregados"", ""explanation"": ""While 'agregados' is used in Latin America, 'áridos' is the standard technical term in Spain and international construction contexts for 'aggregates', especially in a European setting.""}]"
90,GPT-4,"Brewster Brothers"" wash plants transform 100 per cent of the excavated soils and rubble they process from the construction industry into high-value aggregates for reuse. Over the past six years, the firm's site near Livingston, West Lothian has prevented almost 1.35 million tonnes of construction, demolition and excavation waste going to landfill. It has created more than one million tonnes of recycled aggregates to sell into the industry.","Las plantas de lavado de Brewster Brothers transforman el 100% de los suelos excavados y escombros que procesan de la industria de la construcción en agregados de alto valor para su reutilización. Durante los últimos seis años, el sitio de la empresa cerca de Livingston, West Lothian, ha evitado que casi 1,35 millones de toneladas de residuos de construcción, demolición y excavación vayan a vertederos. Ha creado más de un millón de toneladas de agregados reciclados para vender en la industria.",,0.0,wmt24,en-es,en,es,wmt24_mqm_tsv,en-es,,,92.0,100.0,97.0,100.0,100.0,95.0,The translation uses 'sitio' as a calque for 'site' and contains several non-standard technical collocations and awkward prepositions.,calque,major,"[{""dimension"": ""calque"", ""severity"": ""major"", ""phrase"": ""el sitio de la empresa"", ""explanation"": ""The word 'sitio' is a literal translation of 'site'. In an industrial or construction context, 'instalaciones', 'planta', or 'centro' is the natural term in Spanish.""}, {""dimension"": ""collocational"", ""severity"": ""minor"", ""phrase"": ""vender en la industria"", ""explanation"": ""The preposition 'en' is unnatural here; 'vender a la industria' (selling to the industry) or 'comercializar en el sector' is the standard phrasing.""}, {""dimension"": ""collocational"", ""severity"": ""minor"", ""phrase"": ""procesan de la industria"", ""explanation"": ""The phrasing 'procesan de' is incomplete; it should be 'procesan procedentes de' or 'que provienen de la industria'.""}, {""dimension"": ""collocational"", ""severity"": ""minor"", ""phrase"": ""suelos excavados"", ""explanation"": ""While understandable, 'tierras de excavación' is the standard technical term in the Spanish construction industry for 'excavated soils'.""}]"
90,Gemini-1.5-Pro,"Brewster Brothers"" wash plants transform 100 per cent of the excavated soils and rubble they process from the construction industry into high-value aggregates for reuse. Over the past six years, the firm's site near Livingston, West Lothian has prevented almost 1.35 million tonnes of construction, demolition and excavation waste going to landfill. It has created more than one million tonnes of recycled aggregates to sell into the industry.","Las plantas de lavado de ""Brewster Brothers"" transforman el 100% de los suelos excavados y los escombros que procesan de la industria de la construcción en agregados de alto valor para su reutilización. En los últimos seis años, las instalaciones de la empresa cerca de Livingston, West Lothian, han evitado que casi 1<v>,</v>35 millones de toneladas de residuos de construcción, demolición y excavación acaben en el vertedero. Ha creado más de un millón de toneladas de agregados reciclados para vender a la industria.",,-1.0,wmt24,en-es,en,es,wmt24_mqm_tsv,en-es,,,97.0,100.0,99.0,99.0,100.0,99.0,Minor technical collocations and literal translations of industry terms that sound slightly unnatural.,collocation,minor,"[{""dimension"": ""collocational"", ""severity"": ""minor"", ""phrase"": ""suelos excavados"", ""explanation"": ""In the construction and waste management sector, 'tierras de excavación' is the more standard and natural collocation for material removed from the ground.""}, {""dimension"": ""calque"", ""severity"": ""minor"", ""phrase"": ""agregados"", ""explanation"": ""While used in some Latin American regions, 'áridos' is the more natural and standard term in Spain and international technical contexts for construction aggregates; 'agregados' often sounds like a literal translation of the English term.""}, {""dimension"": ""discourse"", ""severity"": ""minor"", ""phrase"": ""procesan de la industria"", ""explanation"": ""The phrasing 'procesan de la industria' is slightly awkward. It would be more natural to say 'procesan, procedentes de la industria' or 'que la industria genera', as 'procesar de' is not a standard verb-preposition combination in this context.""}]"
90,IKUN,"Brewster Brothers"" wash plants transform 100 per cent of the excavated soils and rubble they process from the construction industry into high-value aggregates for reuse. Over the past six years, the firm's site near Livingston, West Lothian has prevented almost 1.35 million tonnes of construction, demolition and excavation waste going to landfill. It has created more than one million tonnes of recycled aggregates to sell into the industry.","Las plantas de lavado de Brewster Brothers transforman el 100 % de los suelos y escombros que procesan de la industria de la construcción en agregados de alto valor para su reutilización. En los últimos seis años, el sitio de la empresa cerca de Livingston, West Lothian, ha evitado casi 1<v>,</v>35 millones de toneladas de residuos de construcción, demolición y excavación que van a vertederos. Ha creado más de 1 millón de toneladas de agregados reciclados para vender a la industria.",,-1.0,wmt24,en-es,en,es,wmt24_mqm_tsv,en-es,,,93.0,99.0,100.0,100.0,100.0,94.0,"The translation uses 'sitio' as a literal calque for an industrial 'site', which is unnatural in Spanish.",calque,major,"[{""dimension"": ""calque"", ""severity"": ""major"", ""phrase"": ""el sitio de la empresa"", ""explanation"": ""Literal translation of 'site'. In Spanish, 'planta', 'instalaciones' or 'sede' is used for physical business locations; 'sitio' usually refers to a website or a general place.""}, {""dimension"": ""calque"", ""severity"": ""minor"", ""phrase"": ""que van a vertederos"", ""explanation"": ""Literal translation of 'going to landfill'. More natural phrasing would be 'con destino al vertedero' or 'que terminen en vertederos'.""}, {""dimension"": ""idiomatic"", ""severity"": ""minor"", ""phrase"": ""vender a la industria"", ""explanation"": ""A bit simplistic for a professional/industrial context; 'comercializar en el sector' or 'reintroducir en el mercado' would be more natural.""}]"
90,IOL_Research,"Brewster Brothers"" wash plants transform 100 per cent of the excavated soils and rubble they process from the construction industry into high-value aggregates for reuse. Over the past six years, the firm's site near Livingston, West Lothian has prevented almost 1.35 million tonnes of construction, demolition and excavation waste going to landfill. It has created more than one million tonnes of recycled aggregates to sell into the industry.","Las plantas de lavado de ""Brewster Brothers"" transforman el 100% de los suelos y escombros excavados que procesan de la industria de la construcción en agregados de alto valor para su reutilización. En los últimos seis años, el sitio de la empresa cerca de Livingston, West Lothian, ha evitado que casi <v>1,35</v> millones de toneladas de desechos de construcción, demolición y excavación terminen en un vertedero. Ha creado más de un millón de toneladas de agregados reciclados para vender a la industria.",,-1.0,wmt24,en-es,en,es,wmt24_mqm_tsv,en-es,,,94.0,100.0,99.0,100.0,100.0,95.0,The use of 'sitio' as a literal translation for an industrial facility ('site') is unnatural in Spanish.,calque,major,"[{""dimension"": ""calque"", ""severity"": ""major"", ""phrase"": ""el sitio de la empresa"", ""explanation"": ""The word 'sitio' is a literal translation of the English 'site'. In an industrial or construction context, 'instalaciones', 'planta' or 'predio' are the standard and more natural terms in Spanish.""}, {""dimension"": ""collocational"", ""severity"": ""minor"", ""phrase"": ""que procesan de la industria"", ""explanation"": ""The verb 'procesar' is transitive and does not collocate naturally with the preposition 'de' to indicate origin. 'Procedentes de la industria' or 'que provienen de la industria' would be more idiomatic.""}]"
90,Llama3-70B,"Brewster Brothers"" wash plants transform 100 per cent of the excavated soils and rubble they process from the construction industry into high-value aggregates for reuse. Over the past six years, the firm's site near Livingston, West Lothian has prevented almost 1.35 million tonnes of construction, demolition and excavation waste going to landfill. It has created more than one million tonnes of recycled aggregates to sell into the industry.","Las plantas de lavado de ""Brewster Brothers"" transforman el 100 por ciento de los suelos excavados y escombros que procesan de la industria de la construcción en agregados de alto valor para reutilizar. En los últimos seis años, el sitio de la empresa cerca de Livingston, West Lothian, ha evitado que casi 1<v>,</v>35 millones de toneladas de residuos de construcción, demolición y excavación vayan a vertederos. Ha creado más de un millón de toneladas de agregados reciclados para vender a la industria.",,-1.0,wmt24,en-es,en,es,wmt24_mqm_tsv,en-es,,,93.0,99.0,99.0,100.0,100.0,95.0,The use of 'sitio' as a literal translation for an industrial facility (site) is unnatural in Spanish.,calque,major,"[{""dimension"": ""calque"", ""severity"": ""major"", ""phrase"": ""el sitio de la empresa"", ""explanation"": ""In Spanish, 'sitio' is a literal translation of 'site' (place/location). For an industrial or business facility, 'instalaciones', 'planta', or 'centro' is the natural term.""}, {""dimension"": ""collocational"", ""severity"": ""minor"", ""phrase"": ""suelos excavados"", ""explanation"": ""While understandable, 'tierras de excavación' is the standard technical collocation in the Spanish construction industry.""}, {""dimension"": ""idiomatic"", ""severity"": ""minor"", ""phrase"": ""para reutilizar"", ""explanation"": ""In formal or technical writing, using the noun phrase 'para su reutilización' is more natural than the simple infinitive at the end of the sentence.""}]"
90,MSLC,"Brewster Brothers"" wash plants transform 100 per cent of the excavated soils and rubble they process from the construction industry into high-value aggregates for reuse. Over the past six years, the firm's site near Livingston, West Lothian has prevented almost 1.35 million tonnes of construction, demolition and excavation waste going to landfill. It has created more than one million tonnes of recycled aggregates to sell into the industry.","Las plantas de lavado de Brewster Brothers transforman el 100% de los suelos y escombros excavados que procesan desde la industria de la construcción en agregados de alto valor para su reutilización. Durante los últimos seis años, el emplazamiento de la empresa cerca de Livingston, West Lothian, ha impedido que casi 1<v>,</v>35 millones de toneladas de residuos de construcción, demolición y excavación vayan a vertederos. Ha creado más de un millón de toneladas de agregados reciclados para su venta a la industria.",,-1.0,wmt24,en-es,en,es,wmt24_mqm_tsv,en-es,,,93.0,99.0,99.0,100.0,,95.0,The translation uses literal prepositions ('desde') and word choices ('emplazamiento') that reveal the English source structure.,calque,major,"[{""dimension"": ""calque"", ""severity"": ""major"", ""phrase"": ""procesan desde la industria"", ""explanation"": ""Literal translation of 'process from'. In Spanish, 'desde' indicates a starting point or origin in space/time, but for materials sourced from a sector, 'procedentes de' or 'que provienen de' is the natural phrasing.""}, {""dimension"": ""collocational"", ""severity"": ""minor"", ""phrase"": ""emplazamiento"", ""explanation"": ""While technically correct for 'site', in an industrial context, 'instalaciones' or 'planta' is much more common and natural.""}, {""dimension"": ""idiomatic"", ""severity"": ""minor"", ""phrase"": ""vayan a vertederos"", ""explanation"": ""A bit literal for 'going to landfill'. Phrasing like 'acaben en vertederos' or 'se destinen a vertederos' sounds more idiomatic in Spanish waste management contexts.""}]"
90,Mistral-Large,"Brewster Brothers"" wash plants transform 100 per cent of the excavated soils and rubble they process from the construction industry into high-value aggregates for reuse. Over the past six years, the firm's site near Livingston, West Lothian has prevented almost 1.35 million tonnes of construction, demolition and excavation waste going to landfill. It has created more than one million tonnes of recycled aggregates to sell into the industry.","Las plantas de lavado ""Brewster Brothers"" transforman el 100 por ciento de los suelos excavados y escombros que procesan de la industria de la construcción en agregados de alto valor para su reutilización. Durante los últimos seis años, el sitio de la empresa cerca de Livingston, West Lothian, ha evitado que casi 1,35 millones de toneladas de residuos de construcción, demolición y excavación vayan a vertederos. Ha creado más de un millón de toneladas de agregados reciclados para vender a la industria.",,0.0,wmt24,en-es,en,es,wmt24_mqm_tsv,en-es,,,93.0,100.0,98.0,100.0,100.0,95.0,"The translation is overly literal, using 'sitio' for an industrial facility and 'creado' for production, which sounds unnatural in a professional Spanish context.",calque,major,"[{""dimension"": ""calque"", ""severity"": ""major"", ""phrase"": ""el sitio de la empresa"", ""explanation"": ""This is a literal translation of 'the firm's site'. In Spanish, 'sitio' refers to a website or a general place; for an industrial facility or plant, 'la planta', 'las instalaciones' or 'el centro' is much more natural.""}, {""dimension"": ""collocational"", ""severity"": ""minor"", ""phrase"": ""suelos excavados"", ""explanation"": ""While technically understandable, 'tierras de excavación' is the standard technical collocation in the construction and waste management industry in Spanish.""}, {""dimension"": ""collocational"", ""severity"": ""minor"", ""phrase"": ""Ha creado más de un millón de toneladas"", ""explanation"": ""In an industrial production context, 'crear' (to create) is less natural than 'producir' (to produce) or 'generar' (to generate) when referring to quantities of material.""}]"
90,ONLINE-B,"Brewster Brothers"" wash plants transform 100 per cent of the excavated soils and rubble they process from the construction industry into high-value aggregates for reuse. Over the past six years, the firm's site near Livingston, West Lothian has prevented almost 1.35 million tonnes of construction, demolition and excavation waste going to landfill. It has created more than one million tonnes of recycled aggregates to sell into the industry.","Las plantas de lavado de Brewster Brothers transforman el 100 por ciento de los suelos excavados y los escombros que procesan de la industria de la construcción en agregados de alto valor para su reutilización. Durante los últimos seis años, el sitio de la empresa cerca de Livingston, West Lothian, ha evitado casi 1,35 millones de toneladas de <v>Los</v> residuos de construcción, demolición y excavación van a vertederos. Ha creado más de un millón de toneladas de áridos reciclados para venderlos en la industria.",,-1.0,wmt24,en-es,en,es,wmt24_mqm_tsv,en-es,,,84.0,100.0,99.0,90.0,100.0,95.0,The second sentence uses an ungrammatical calque of the English 'prevented X going to' structure and includes an stray tag.,calque,major,"[{""dimension"": ""calque"", ""severity"": ""major"", ""phrase"": ""ha evitado casi 1,35 millones de toneladas de <v>Los</v> residuos... van a vertederos"", ""explanation"": ""This is a literal translation of the English 'prevented [X] going to'. In Spanish, this structure is ungrammatical and requires a subordinate clause ('ha evitado que... vayan') or a different construction.""}, {""dimension"": ""collocational"", ""severity"": ""minor"", ""phrase"": ""el sitio de la empresa"", ""explanation"": ""While 'sitio' means 'site', in the context of an industrial facility or plant, 'instalaciones', 'planta' or 'centro' is much more natural.""}, {""dimension"": ""discourse"", ""severity"": ""minor"", ""phrase"": ""agregados ... áridos"", ""explanation"": ""The translation uses 'agregados' in the first sentence and 'áridos' in the third. While both are correct, consistency is preferred in technical discourse.""}, {""dimension"": ""discourse"", ""severity"": ""major"", ""phrase"": ""<v>Los</v>"", ""explanation"": ""The inclusion of a markup tag or a capitalized article in the middle of a phrase is completely unnatural and disrupts the flow.""}]"
90,ONLINE-W,"Brewster Brothers"" wash plants transform 100 per cent of the excavated soils and rubble they process from the construction industry into high-value aggregates for reuse. Over the past six years, the firm's site near Livingston, West Lothian has prevented almost 1.35 million tonnes of construction, demolition and excavation waste going to landfill. It has created more than one million tonnes of recycled aggregates to sell into the industry.","Las plantas de lavado de Brewster Brothers transforman el 100% de las tierras excavadas y los escombros que procesan de la industria de la construcción en áridos de alto valor para su reutilización. En los últimos seis años, las instalaciones de la empresa cerca de Livingston (West Lothian) han evitado que casi 1<v>,</v>35 millones de toneladas de residuos de construcción, demolición y excavación fueran a parar a vertederos. Además, ha generado más de un millón de toneladas de áridos reciclados para vender a la industria.",,-1.0,wmt24,en-es,en,es,wmt24_mqm_tsv,en-es,,,100.0,100.0,100.0,100.0,100.0,100.0,no significant issues,none,cosmetic,[]
90,Unbabel-Tower70B,"Brewster Brothers"" wash plants transform 100 per cent of the excavated soils and rubble they process from the construction industry into high-value aggregates for reuse. Over the past six years, the firm's site near Livingston, West Lothian has prevented almost 1.35 million tonnes of construction, demolition and excavation waste going to landfill. It has created more than one million tonnes of recycled aggregates to sell into the industry.","Las plantas de lavado de <v>«Brewster</v> Brothers» transforman el 100% de los suelos excavados y los escombros que procesan de la industria de la construcción en agregados de alto valor que se pueden reutilizar. En los últimos seis años, la planta de la empresa situada cerca de Livingston, West Lothian, ha evitado el envío de casi 1,35 millones de toneladas de residuos de construcción, demolición y excavación a vertederos, y ha creado más de un millón de toneladas de agregados reciclados para su venta a la industria.",,-3.0,wmt24,en-es,en,es,wmt24_mqm_tsv,en-es,,,98.0,100.0,98.0,100.0,100.0,100.0,The phrase 'que procesan de la industria' is slightly unnatural due to the prepositional choice and word order.,collocation,minor,"[{""dimension"": ""collocational"", ""severity"": ""minor"", ""phrase"": ""que procesan de la industria"", ""explanation"": ""The construction 'procesar de' is slightly unnatural to indicate origin; it would be more idiomatic to use 'procedentes de la industria' or reorder to 'escombros de la industria que procesan'.""}]"
90,refA,"Brewster Brothers"" wash plants transform 100 per cent of the excavated soils and rubble they process from the construction industry into high-value aggregates for reuse. Over the past six years, the firm's site near Livingston, West Lothian has prevented almost 1.35 million tonnes of construction, demolition and excavation waste going to landfill. It has created more than one million tonnes of recycled aggregates to sell into the industry.","Las plantas de reciclaje de Brewster Brothers transforman el 100% de las tierras excavadas y los escombros que procesan de la industria de la construcción en áridos de alto valor para ser reusados. Durante los seis últimos años, las instalaciones situadas cerca de Livingston (West Lothian) han evitado el vertido de 1.35 millones de toneladas de residuos procedentes de la construcción, demolición y excavación. Han creado más de un millón de toneladas de áridos reciclados para venderlos a la industria.",,0.0,wmt24,en-es,en,es,wmt24_mqm_tsv,en-es,,,98.0,99.0,100.0,100.0,100.0,99.0,Minor orthotypographic and word choice issues that slightly detract from a professional technical tone.,none,minor,"[{""dimension"": ""idiomatic"", ""severity"": ""minor"", ""phrase"": ""para ser reusados"", ""explanation"": ""In a technical or industrial context, 'para su reutilización' or 'para ser reutilizados' is more standard and professional than 'reusados'.""}, {""dimension"": ""calque"", ""severity"": ""minor"", ""phrase"": ""1.35"", ""explanation"": ""Spanish standard orthography uses a comma as a decimal separator (1,35) rather than a point, which is a carry-over from the English source.""}]"
360,IOL_Research,実際生きるか死ぬかでそういうことをすったもんだやってる時って 意外とそういう死生観でそれぞれが皆さん考えることって 兵隊さん軍人もあるんですよ はいはい それがもう70年も80年も経っちゃうとみんな忘れる いわゆる死が身近じゃないっていう世界に我々今近代生きてるわけですよ うん はい で改めてそういうことが長い時間って言うとね,<v>实际上，通过活着和死亡来了解这些事情的时候，</v>意外地发现每个人都有这样的态度，包括士兵和军人。是的，是的。但当这些事情已经过去了70年或80年，大家都忘记了。我们现代人现在生活在一个所谓死亡并不贴近的世界里。嗯，是的。所以，如果要重新审视这些事情，从长远来看，,,-5.0,wmt24,ja-zh,ja,zh,wmt24_mqm_tsv,ja-zh,,,87.0,100.0,97.0,95.0,100.0,95.0,"The translation uses formal idioms and literal structures that clash with the conversational tone of the source, particularly in the opening and closing phrases.",calque,major,"[{""dimension"": ""calque"", ""severity"": ""major"", ""phrase"": ""通过活着和死亡来了解这些事情的时候"", ""explanation"": ""This is a literal translation of the Japanese 'AでB' structure. In this context, it should describe being in a life-or-death struggle, but the Chinese '通过...来了解' (understanding through...) sounds like a formal academic process, which is unnatural for the spoken context.""}, {""dimension"": ""discourse"", ""severity"": ""major"", ""phrase"": ""从长远来看"", ""explanation"": ""The source '長い時間って言うとね' is a conversational transition referring to the long passage of time (70-80 years). The translation uses a formal idiom meaning 'in the long run' or 'from a long-term perspective', which misinterprets the discourse flow and register.""}, {""dimension"": ""collocational"", ""severity"": ""minor"", ""phrase"": ""死亡并不贴近"", ""explanation"": ""'贴近' (close/intimate) is not a standard collocation for death being 'near' or 'familiar' in an existential sense. Phrases like '离我们很远' or '并不真切' would be more natural.""}, {""dimension"": ""collocational"", ""severity"": ""minor"", ""phrase"": ""士兵和军人"", ""explanation"": ""In Chinese, '士兵' and '军人' are largely synonymous in this context. Listing both as a pair without specific distinction sounds redundant and unnatural compared to the spoken Japanese repetition.""}, {""dimension"": ""collocational"", ""severity"": ""minor"", ""phrase"": ""现代人现在"", ""explanation"": ""Redundant phrasing; '现代人' (modern people) already implies the present time, making '现在' (now) unnecessary in this sentence structure.""}]"
186,ONLINE-B,佐賀―仙台 第２クオーター、速攻を決める佐賀のレイナルド・ガルシア＝宮城県のゼビオアリーナ仙台（（ｃ）Ｂ．ＬＥＡＧＵＥ）,佐贺-仙台 第2节，佐贺队雷纳尔多·加西亚决定快攻=宫城县仙台<v>Xebio Arena ((c) B.LEAGUE)</v>,,-1.0,wmt24,ja-zh,ja,zh,wmt24_mqm_tsv,ja-zh,,,94.0,100.0,95.0,100.0,100.0,99.0,"The verb '决定' is an unnatural collocation for scoring a fast break, and the punctuation follows Japanese rather than Chinese conventions.",false_friend,major,"[{""dimension"": ""collocational"", ""severity"": ""major"", ""phrase"": ""决定快攻"", ""explanation"": ""In Chinese sports terminology, '决定' (decide) is not used to mean 'successfully execute' or 'score'. This is a literal translation of the Japanese verb '決める'. A native speaker would use '快攻得分' or '完成快攻'.""}, {""dimension"": ""calque"", ""severity"": ""minor"", ""phrase"": ""="", ""explanation"": ""The use of the equals sign to separate a photo description from its location is a specific Japanese news caption convention and is not standard in Chinese punctuation.""}]"
360,ONLINE-B,実際生きるか死ぬかでそういうことをすったもんだやってる時って 意外とそういう死生観でそれぞれが皆さん考えることって 兵隊さん軍人もあるんですよ はいはい それがもう70年も80年も経っちゃうとみんな忘れる いわゆる死が身近じゃないっていう世界に我々今近代生きてるわけですよ うん はい で改めてそういうことが長い時間って言うとね,事实上，当你生死攸关地知道这样的事情时，令人惊讶的是每个人都会以这种<v>态度</v>思考它，甚至是士兵和军事人员，是的，从那时起已经过去了 70 或 80 年，我们都忘记了我们现在是这样。生活在一个所谓的死亡离我们并不那么近的世界。是的，是的，但让我重申，这需要很长时间。,,-1.0,wmt24,ja-zh,ja,zh,wmt24_mqm_tsv,ja-zh,,,84.0,99.0,100.0,95.0,100.0,90.0,"The translation suffers from heavy calques of Japanese spoken structures, leading to unnatural phrasing and fragmented discourse.",calque,major,"[{""dimension"": ""calque"", ""severity"": ""major"", ""phrase"": ""生死攸关地知道这样的事情"", ""explanation"": ""This is a literal translation of the Japanese phrase '生きるか死ぬかで...やってる'. In Chinese, '生死攸关' is an idiom used as an adjective or a noun phrase, not as an adverbial modifier for 'knowing' or 'doing things' in this manner; it sounds like awkward translationese.""}, {""dimension"": ""discourse"", ""severity"": ""major"", ""phrase"": ""我们都忘记了我们现在是这样。生活在一个..."", ""explanation"": ""The sentence structure is fragmented and mimics the Japanese 'A desu. B...' style, which results in a broken flow in Chinese. The two parts should be integrated or connected more naturally to maintain coherence.""}, {""dimension"": ""calque"", ""severity"": ""major"", ""phrase"": ""这需要很长时间"", ""explanation"": ""A literal translation of '長い時間って言うと', which functions as a discourse marker in Japanese to transition into a reflection. In Chinese, '这需要很长时间' (this takes a long time) is a literal statement of duration that doesn't fit the context of reflecting on a past period.""}, {""dimension"": ""idiomatic"", ""severity"": ""minor"", ""phrase"": ""以这种态度思考它"", ""explanation"": ""While understandable, '态度' (attitude) is a weak and slightly unnatural choice for '死生観' (view of life and death) in this context. Using the term '生死观' would be more natural and precise.""}]"
400,ONLINE-B,ABCニュースです なんでABCニュースをずっと見れますこれも NHKのBS見なくてもずっと見れます なんでこう仕事しながらとか暇な時は私これ聞きながらやってますね これがABCニュースです ただねABCニュースねCM多い これもNo.1モーニングショーとかって書いてありますけど アメリカのNo.1モーニングショー これとかがNHKで流れてるやつですねこれねはい,这是 ABC 新闻。为什么我可以一直看 ABC 新闻，即使我不看 NHK 的 BS，为什么我在工作或空闲时间听这个？ ABC 新闻。<v>这只是 ABC 新闻广告。</v>这也被称为“第一早间节目”，但这是在 NHK 播出的节目。,,-5.0,wmt24,ja-zh,ja,zh,wmt24_mqm_tsv,ja-zh,,,87.0,99.0,99.0,95.0,99.0,95.0,"The translation uses a literal interrogative structure ('为什么') and fragmented sentences that mirror the Japanese source too closely, resulting in an unnatural discourse flow.",calque,major,"[{""dimension"": ""calque"", ""severity"": ""major"", ""phrase"": ""为什么我可以一直看... 为什么我在工作..."", ""explanation"": ""Literal translation of the Japanese explanatory 'nande'. In Chinese, using '为什么' (why) as a discourse marker to introduce an explanation sounds like a self-interrogation, which is unnatural. It should be phrased as '这就是为什么...' or '所以我才...'.""}, {""dimension"": ""discourse"", ""severity"": ""major"", ""phrase"": ""ABC 新闻。这只是 ABC 新闻广告。这也被称为..."", ""explanation"": ""The information structure is fragmented and lacks cohesive connectors. The transition between sentences is abrupt, mirroring the disjointed nature of spoken Japanese without adapting it to the smoother discourse flow expected in Chinese.""}, {""dimension"": ""collocational"", ""severity"": ""minor"", ""phrase"": ""NHK 的 BS"", ""explanation"": ""In Chinese, 'NHK BS' is typically used as a compound noun; adding the possessive '的' is non-standard and sounds like a literal translation.""}, {""dimension"": ""pragmatic"", ""severity"": ""minor"", ""phrase"": ""即使"", ""explanation"": ""The word '即使' (even if) is slightly too formal for this casual, conversational context. '就算' or '即便' would better match the informal register of the source.""}, {""dimension"": ""idiomatic"", ""severity"": ""minor"", ""phrase"": ""被称为"", ""explanation"": ""The passive '被称为' (is called) is a bit stiff for a spoken monologue. Using '上面写着' (it says) or '就是那个...' would be more idiomatic.""}]"
186,refA,佐賀―仙台 第２クオーター、速攻を決める佐賀のレイナルド・ガルシア＝宮城県のゼビオアリーナ仙台（（ｃ）Ｂ．ＬＥＡＧＵＥ）,佐贺vs仙台 第二节，佐贺队的雷纳尔多·加西亚决定快攻=宫城县仙台XEBIO体育馆（(c)B联赛）,,0.0,wmt24,ja-zh,ja,zh,wmt24_mqm_tsv,ja-zh,,,94.0,100.0,100.0,99.0,100.0,95.0,The translation inappropriately uses the literal meaning of the Japanese verb '決める' as '决定' and retains Japanese-specific punctuation.,calque,major,"[{""dimension"": ""calque"", ""severity"": ""major"", ""phrase"": ""决定快攻"", ""explanation"": ""The Japanese verb '決める' in a sports context means to successfully score or execute a play. Translating it literally as '决定' (to decide) is a calque that sounds unnatural in a photo caption describing an action.""}, {""dimension"": ""discourse"", ""severity"": ""minor"", ""phrase"": ""="", ""explanation"": ""The use of '=' to separate the caption from the location is a Japanese news convention and is not used in Chinese typography.""}]"
360,refA,実際生きるか死ぬかでそういうことをすったもんだやってる時って 意外とそういう死生観でそれぞれが皆さん考えることって 兵隊さん軍人もあるんですよ はいはい それがもう70年も80年も経っちゃうとみんな忘れる いわゆる死が身近じゃないっていう世界に我々今近代生きてるわけですよ うん はい で改めてそういうことが長い時間って言うとね,事实上，争论是生是死这种问题的时候，你会惊讶地发现，这样的生死观，每个人各自思考的，其实包括士兵和军官也都会这么想 嗯嗯 已经过了70、80年了，每个人都忘记了这一点。也就是说，我们生活在一个离死亡并不那么近的现代社会 嗯，是的 那么，重新探讨这种事情，需要很长时间,,0.0,wmt24,ja-zh,ja,zh,wmt24_mqm_tsv,ja-zh,,,92.0,100.0,100.0,94.0,100.0,98.0,"The final sentence misinterprets a conversational transition as a statement of requirement, and several phrases are literal mirrors of Japanese syntax.",discourse_marker,major,"[{""dimension"": ""discourse"", ""severity"": ""major"", ""phrase"": ""需要很长时间"", ""explanation"": ""The source '長い時間って言うとね' is a conversational transition or reflection on the long span of time mentioned (70-80 years). Translating it as 'requires a long time' (需要很长时间) is a logical leap that makes the sentence sound unnatural and disconnected from the previous context.""}, {""dimension"": ""calque"", ""severity"": ""minor"", ""phrase"": ""离死亡并不那么近"", ""explanation"": ""A literal translation of '死が身近じゃない'. In Chinese, it is more natural to say '死亡不再是近在咫尺' or '远离了死亡' rather than a literal distance-based description.""}, {""dimension"": ""discourse"", ""severity"": ""minor"", ""phrase"": ""每个人各自思考的"", ""explanation"": ""This mirrors the Japanese topic-marker structure ('...ことって') too closely, resulting in a dangling noun phrase that lacks a clear predicate in the Chinese sentence structure.""}, {""dimension"": ""calque"", ""severity"": ""minor"", ""phrase"": ""争论是生是死这种问题"", ""explanation"": ""A literal translation of '生きるか死ぬかでそういうことを...'. In this context, '在生死关头纠结' or '面对生死抉择' would be more idiomatic than '争论是生是死'.""}]"
400,refA,ABCニュースです なんでABCニュースをずっと見れますこれも NHKのBS見なくてもずっと見れます なんでこう仕事しながらとか暇な時は私これ聞きながらやってますね これがABCニュースです ただねABCニュースねCM多い これもNo.1モーニングショーとかって書いてありますけど アメリカのNo.1モーニングショー これとかがNHKで流れてるやつですねこれねはい,是ABC新闻。为什么可以一直看ABC新闻，即使不看NHK的BS也可以看得到。为什么可以边工作边听或空闲时间听呢？这就是ABC新闻。只是啊，ABC新闻的广告真多，还写着是排名第一的早间节目，也是美国第一早间节目，这是NHK播放的节目哦，就是这个 好的,,0.0,wmt24,ja-zh,ja,zh,wmt24_mqm_tsv,ja-zh,,,92.0,100.0,99.0,95.0,99.0,95.0,The use of '为什么' (Why) as a literal translation for explanatory 'なんで' creates an unnatural questioning tone in what should be an explanation.,discourse_marker,major,"[{""dimension"": ""discourse"", ""severity"": ""major"", ""phrase"": ""为什么可以一直看ABC新闻... 为什么可以边工作边听..."", ""explanation"": ""The Japanese 'なんで' here is used to introduce an explanation or a reason ('This is how/why...'), but the translation uses '为什么' (Why) which sounds like a literal question, disrupting the flow of the monologue.""}, {""dimension"": ""collocational"", ""severity"": ""minor"", ""phrase"": ""也可以看得到"", ""explanation"": ""While '看得到' is grammatically correct for visibility, '能看' or '可以看' is more natural when referring to the ability to watch a specific TV channel or broadcast.""}, {""dimension"": ""pragmatic"", ""severity"": ""minor"", ""phrase"": ""好的"", ""explanation"": ""Literal translation of the Japanese filler 'はい'. In Chinese, ending a descriptive monologue with '好的' (Okay) sounds like an awkward response to a request rather than a natural conversational closer.""}, {""dimension"": ""calque"", ""severity"": ""minor"", ""phrase"": ""只是啊"", ""explanation"": ""A literal mirror of 'ただね'. While understandable, '不过' or '但是' would be more natural in spoken Chinese discourse.""}]"
