seg_id,system_id,original_text,translation,ref_text,human_mqm_score,year,pair,source_lang,target_lang,dataset,lp,doc_id,chrf_pp,low_confidence,max_score_diff,idiomatic,collocational,discourse,pragmatic,calque,issue_type,severity,problematic_phrase,suggested_fix,main_issue,fluency2_raw
186,ONLINE-B,This is my personal Mandela effect thing. I'd never seen it in a cookbook. I'd never seen it at the fancy grocer or any of the Italian delis. I'd never seen anyone's mom make it or had it shoved at me at a party or seen it appear in conjunction with anyone's saucemaking escapades or baking days,"Das ist meine persönliche Sache mit dem Mandela-Effekt. Ich hatte es noch nie in einem Kochbuch gesehen. Ich hatte es noch nie im schicken Lebensmittelladen oder in einem der italienischen Feinkostläden gesehen. Ich hatte noch nie erlebt, dass jemandes Mutter es gemacht hat oder dass es mir auf einer Party untergeschoben wurde oder dass es im Zusammenhang mit den Saucen-Herstellungs- oder Backtagen von irgendjemandem <v>auftauchte</v>",,-3.0,wmt23,en-de,en,de,wmt23_mqm_tsv,en-de,,,True,,,,,,,none,cosmetic,,,,
400,ONLINE-B,I like the product it's a nice size and color! Unfortunately only had it a week and opened the one door and it cracked the top of the wood piece! I'm really disappointed! It's all assembled and I don't have the box anymore so how could I even think about sending it back?! My husband did try and fix it with wood glue but sadly that didn't work either! The door popped right out again!!,"Ich mag das Produkt, es hat eine schöne Größe und Farbe! Leider hatte ich es nur eine Woche und als ich die eine Tür öffnete, <v>war die Oberseite des Holzstücks gesprungen!</v> Ich bin wirklich enttäuscht! Es ist alles zusammengebaut und ich habe den Karton nicht mehr. Wie könnte ich also überhaupt daran denken, es zurückzuschicken?! Mein Mann hat versucht, es mit Holzleim zu reparieren, aber leider hat auch das nicht funktioniert! Die Tür sprang sofort wieder heraus!!",,-3.0,wmt23,en-de,en,de,wmt23_mqm_tsv,en-de,,,False,1.0,5.0,4.0,6.0,5.5,5.0,collocation,major,war die Oberseite des Holzstücks gesprungen,"… und als ich eine der Türen öffnete, ist oben am Holzteil ein Riss entstanden.",Unnatürliche Kollokationen und calqueartige Formulierungen beim Beschreiben des Holzschadens.,4.84
186,refA,This is my personal Mandela effect thing. I'd never seen it in a cookbook. I'd never seen it at the fancy grocer or any of the Italian delis. I'd never seen anyone's mom make it or had it shoved at me at a party or seen it appear in conjunction with anyone's saucemaking escapades or baking days,"Das ist mein persönliches Mandela-Effekt-Ding. Ich hatte es noch nie zuvor in einem Kochbuch gesehen. Ich hatte es noch nie in einem schicken Lebensmittelladen oder in irgendeinem der italienischen Feinkostläden gesehen. Ich hatte noch nie gesehen, dass die Mutter von jemandem es zubereitet hat<v>,</v> oder dass es mir auf einer Party aufgedrängt wurde, oder dass es in Zusammenhang mit den Eskapaden der Saucenzubereitung oder den Backtagen von irgendwem auftauchte",,-2.0,wmt23,en-de,en,de,wmt23_mqm_tsv,en-de,,,True,3.0,3.5,3.0,3.5,3.5,2.5,calque,major,in Zusammenhang mit den Eskapaden der Saucenzubereitung,bei irgendwelchen Saucenexperimenten oder Backtagen,"Over-literal phrasing leads to awkward coordination and non-native collocations, diluting the casual, conversational tone.",3.1900000000000004
400,refA,I like the product it's a nice size and color! Unfortunately only had it a week and opened the one door and it cracked the top of the wood piece! I'm really disappointed! It's all assembled and I don't have the box anymore so how could I even think about sending it back?! My husband did try and fix it with wood glue but sadly that didn't work either! The door popped right out again!!,"Ich mag das Produkt, es hat eine gute Größe und Farbe! Leider hatte ich es nur eine Woche, dann habe ich die eine Tür geöffnet und die Oberseite des Holzteils hat einen Riss gekriegt. Ich bin so enttäuscht! Es ist schon komplett zusammengebaut und ich habe auch den Karton nicht mehr, wie könnte ich nur daran denken, es zurückzusenden?! Mein Mann hat versucht, es mit Holzkleber zu reparieren, aber das hat leider auch nicht funktioniert! Die Tür ist direkt wieder rausgesprungen!!",,0.0,wmt23,en-de,en,de,wmt23_mqm_tsv,en-de,,,False,1.0,5.5,4.5,5.5,5.5,4.5,calque,major,"wie könnte ich nur daran denken, es zurückzusenden?!",Wie soll ich das überhaupt zurückschicken?,Mehrere wörtliche Übernahmen aus dem Englischen führen zu unnatürlichen Formulierungen im Deutschen.,5.05
360,IOL_Research,韩国媒体指出，金主爱自去年11月18日试射火星17飞弹首次在公开露脸以来，3个月以来曝光机率越来越高，至今已是第5度出现于正式场合。,"South Korean media pointed out that <v>Kim Jong-Ai</v> has been exposed more and more in the past three months since he first showed his face in public on November 18 last year when he test-fired the Mars 17 missile, and this is the fifth time he has appeared on an official occasion.‏‏‏",,-35.0,wmt23,zh-en,zh,en,wmt23_mqm_tsv,zh-en,,,False,1.0,3.0,2.0,3.5,2.5,2.0,calque,critical,has been exposed more and more,"According to South Korean media, since her first public appearance at the Hwasong-17 test on Nov. 18 last year, Kim Ju-ae has been making increasingly frequent public appearances; this marks her fifth at an official event.",Heavy calquing and a misrendered name/gender make the sentence unnatural and misleading.,2.565
360,ONLINE-B,韩国媒体指出，金主爱自去年11月18日试射火星17飞弹首次在公开露脸以来，3个月以来曝光机率越来越高，至今已是第5度出现于正式场合。,"South Korean media pointed out that since Kim Joo-ae made <v>his</v> first public appearance on November 18 last year when he test-fired the Hwasong-17 missile, the probability of exposure has been increasing in the past three months, and this is the fifth time he has appeared on a formal occasion.‏‏‏‏‏‏‏‏",,-18.0,wmt23,zh-en,zh,en,wmt23_mqm_tsv,zh-en,,,False,1.0,3.5,2.5,3.5,2.0,2.5,calque,critical,the probability of exposure has been increasing,"According to South Korean media, since Kim Ju-ae first appeared in public at the Hwasong-17 test on November 18 last year, she has been appearing more frequently; to date this is her fifth appearance at an official event.",Over-literal phrasing leads to unidiomatic English and a misassigned subject/gender for the missile test context.,2.96
360,refA,韩国媒体指出，金主爱自去年11月18日试射火星17飞弹首次在公开露脸以来，3个月以来曝光机率越来越高，至今已是第5度出现于正式场合。,"The South Korean media pointed out that since Kim Joo-ae made <v>his</v> first public appearance on November 18 last year during the test launch of the Mars-17 missile, the exposure rate has increased over the past three months, and has now appeared on official occasions for the fifth time.‏‏‏‏‏‏‏‏‏‏‏‏‏‏‏",,-10.0,wmt23,zh-en,zh,en,wmt23_mqm_tsv,zh-en,,,True,2.0,4.0,3.0,4.0,3.0,2.0,calque,major,the exposure rate has increased over the past three months,"South Korean media reported that since Kim Ju‑ae made her first public appearance at the Hwasong‑17 test launch on November 18 last year, she has been appearing more frequently and has now made five official appearances.","Overly literal calques lead to unnatural phrasing and errors (e.g., missile name and referent), reducing fluency and clarity.",3.3200000000000003
90,Aya23,"Brewster Brothers"" wash plants transform 100 per cent of the excavated soils and rubble they process from the construction industry into high-value aggregates for reuse. Over the past six years, the firm's site near Livingston, West Lothian has prevented almost 1.35 million tonnes of construction, demolition and excavation waste going to landfill. It has created more than one million tonnes of recycled aggregates to sell into the industry.","Die Brewster Brothers-Waschanlagen verwandeln 100 Prozent der ausgegrabenen Böden und Schutt, die sie von der Baubranche verarbeiten, in hochwertige Schotter zur Wiederverwendung. In den vergangenen sechs Jahren hat die Anlage des Unternehmens in der Nähe von Livingston, West Lothian, verhindert, dass fast 1,35 Millionen Tonnen Bauschutt, Abriss- und Ausgrabungsmüll auf Mülldeponien landen. Dabei wurden mehr als eine Million Tonnen recycelter Schotter für die Industrie hergestellt.",,0.0,wmt24,en-de,en,de,wmt24_mqm_tsv,en-de,,,True,2.0,5.0,3.5,5.5,5.0,5.0,collocation,major,hochwertige Schotter,"… in hochwertige Gesteinskörnungen zur Wiederverwendung. … fast 1,35 Millionen Tonnen Bau-, Abbruch- und Aushubabfälle … Dabei wurden über eine Million Tonnen rezyklierter Gesteinskörnungen für die Branche erzeugt.","Unidiomatic and domain-inaccurate terminology (e.g., Schotter, Ausgrabungsmüll) and source-like phrasing reduce naturalness and precision.",4.625
90,Claude-3.5,"Brewster Brothers"" wash plants transform 100 per cent of the excavated soils and rubble they process from the construction industry into high-value aggregates for reuse. Over the past six years, the firm's site near Livingston, West Lothian has prevented almost 1.35 million tonnes of construction, demolition and excavation waste going to landfill. It has created more than one million tonnes of recycled aggregates to sell into the industry.","Die Waschanlage der Brewster Brothers verwandelt 100 Prozent der von ihnen verarbeiteten Aushubböden und Bauschutt aus der Bauindustrie in hochwertige Zuschlagstoffe zur Wiederverwendung. In den letzten sechs Jahren hat der Standort des Unternehmens in der Nähe von Livingston, West Lothian, verhindert, dass fast 1,35 Millionen Tonnen Bau-, Abbruch- und Aushubabfälle auf Deponien landen. Es wurden mehr als eine Million Tonnen recycelte Zuschlagstoffe hergestellt, die an die Industrie verkauft werden.",,0.0,wmt24,en-de,en,de,wmt24_mqm_tsv,en-de,,,False,1.0,5.5,5.5,5.5,6.5,5.5,collocation,major,mehr als eine Million Tonnen recycelte Zuschlagstoffe,mehr als eine Million Tonnen recycelter Zuschlagstoffe,Unkonventionelle und teils ungrammatische Formulierungen (v. a. Genitiv nach Mengenangabe) mindern die Natürlichkeit und Präzision.,5.5600000000000005
90,CommandR-plus,"Brewster Brothers"" wash plants transform 100 per cent of the excavated soils and rubble they process from the construction industry into high-value aggregates for reuse. Over the past six years, the firm's site near Livingston, West Lothian has prevented almost 1.35 million tonnes of construction, demolition and excavation waste going to landfill. It has created more than one million tonnes of recycled aggregates to sell into the industry.","Die Waschanlagen der Brewster Brothers verwandeln 100 Prozent der von ihnen aus der Bauindustrie verarbeiteten ausgegrabenen Böden und Trümmer in hochwertige Zuschlagstoffe zur Wiederverwendung. In den letzten sechs Jahren hat das Unternehmen auf seiner Baustelle in der Nähe von Livingston, West Lothian, fast 1,35 Millionen Tonnen Bau-, Abbruch- und Ausgrabungsabfälle von Deponien ferngehalten. Es hat mehr als eine Million Tonnen recycelter Zuschlagstoffe für die Industrie produziert.",,0.0,wmt24,en-de,en,de,wmt24_mqm_tsv,en-de,,,False,1.0,5.0,4.0,6.0,5.0,4.5,collocation,major,Ausgrabungsabfälle,"Bau-, Abbruch- und Aushubabfälle","Multiple non-standard collocations and literal choices make the text sound non-native (e.g., Ausgrabungsabfälle, Trümmer, von Deponien ferngehalten, Baustelle).",4.725
90,Dubformer,"Brewster Brothers"" wash plants transform 100 per cent of the excavated soils and rubble they process from the construction industry into high-value aggregates for reuse. Over the past six years, the firm's site near Livingston, West Lothian has prevented almost 1.35 million tonnes of construction, demolition and excavation waste going to landfill. It has created more than one million tonnes of recycled aggregates to sell into the industry.","Die Waschanlagen von Brewster Brothers wandeln 100 Prozent des von ihnen aufbereiteten Bodenaushubs und Schutts aus der Bauindustrie in hochwertige Zuschlagstoffe für die Wiederverwendung um. In den vergangenen sechs Jahren hat der Standort des Unternehmens in der Nähe von Livingston, West Lothian, verhindert, dass fast 1,35 Millionen Tonnen Bau-, Abbruch- und Aushubabfälle auf Deponien landeten. Dabei wurden mehr als eine Million Tonnen rezyklierte Zuschlagstoffe erzeugt, die an die Industrie verkauft werden.",,0.0,wmt24,en-de,en,de,wmt24_mqm_tsv,en-de,,,False,1.0,6.0,5.0,6.5,6.5,6.5,collocation,major,rezyklierte Zuschlagstoffe erzeugt,mehr als eine Million Tonnen rezyklierte Gesteinskörnungen hergestellt,"Key terminology and collocations for construction materials sound non-native (e.g., Zuschlagstoffe/erzeugen), reducing naturalness.",5.880000000000001
90,GPT-4,"Brewster Brothers"" wash plants transform 100 per cent of the excavated soils and rubble they process from the construction industry into high-value aggregates for reuse. Over the past six years, the firm's site near Livingston, West Lothian has prevented almost 1.35 million tonnes of construction, demolition and excavation waste going to landfill. It has created more than one million tonnes of recycled aggregates to sell into the industry.","Die Waschanlagen der <v>""</v>Brewster Brothers"" verwandeln 100 Prozent der von ihnen verarbeiteten Aushub- und Schuttböden aus der Baubranche in hochwertige Zuschlagstoffe zur Wiederverwendung. In den letzten sechs Jahren hat das Unternehmen auf seinem Gelände in der Nähe von Livingston, West Lothian, fast 1,35 Millionen Tonnen Bau-, Abbruch- und Aushubabfälle vor der Deponierung bewahrt. Es hat mehr als eine Million Tonnen recycelter Zuschlagstoffe erzeugt, die in der Branche verkauft werden können.",,-2.0,wmt24,en-de,en,de,wmt24_mqm_tsv,en-de,,,True,2.0,4.5,4.0,5.5,6.0,4.5,collocation,major,Aushub- und Schuttböden,Aushubmaterial und Bauschutt,"Nonstandard collocations and calqued phrasing (e.g., “Aushub- und Schuttböden”) make the text sound unnatural.",4.54
90,Gemini-1.5-Pro,"Brewster Brothers"" wash plants transform 100 per cent of the excavated soils and rubble they process from the construction industry into high-value aggregates for reuse. Over the past six years, the firm's site near Livingston, West Lothian has prevented almost 1.35 million tonnes of construction, demolition and excavation waste going to landfill. It has created more than one million tonnes of recycled aggregates to sell into the industry.","Die Aufbereitungsanlagen von Brewster Brothers verwandeln 100 Prozent der ausgehobenen Böden und des Bauschutts aus der Bauindustrie in hochwertige Zuschlagstoffe zur Wiederverwendung. In den letzten sechs Jahren hat der Standort des Unternehmens in der Nähe von Livingston, West Lothian, verhindert, dass fast 1,35 Millionen Tonnen Bau-, Abbruch- und Aushubabfälle auf Deponien landen. Es wurden mehr als eine Million Tonnen recycelte Zuschlagstoffe für den Verkauf an die Industrie erzeugt.",,0.0,wmt24,en-de,en,de,wmt24_mqm_tsv,en-de,,,True,2.0,6.5,5.5,5.5,6.5,7.0,collocation,major,erzeugt,hergestellt,"Several collocational and slightly literal choices (e.g., 'ausgehobenen Böden', 'erzeugt', 'an die Industrie') reduce idiomaticity and polish.",6.215000000000001
90,IKUN,"Brewster Brothers"" wash plants transform 100 per cent of the excavated soils and rubble they process from the construction industry into high-value aggregates for reuse. Over the past six years, the firm's site near Livingston, West Lothian has prevented almost 1.35 million tonnes of construction, demolition and excavation waste going to landfill. It has created more than one million tonnes of recycled aggregates to sell into the industry.","Die Waschanlagen der Brewster Brothers verwandeln 100 Prozent der abgebauten Böden und Bauschutte, die sie aus der Baubranche verarbeiten, in hochwertige Baustoffe für die Wiederverwendung. In den letzten sechs Jahren hat die Firma auf ihrem Gelände in Livingston, West Lothian fast 1,35 Millionen Tonnen Bau-, Abbruch- und Grabungsabfälle verhindert, die sonst auf Deponien entsorgt worden wären. Die Firma hat mehr als eine Million Tonnen recycelte Baustoffe hergestellt, die sie an die Industrie verkauft.",,0.0,wmt24,en-de,en,de,wmt24_mqm_tsv,en-de,,,False,1.0,4.0,3.0,4.5,4.5,3.5,collocation,major,abgebauten Böden und Bauschutte,ausgehobenen Böden (oder: Aushubböden) und Bauschutt,"Key technical collocations and mass-noun usage are off, leading to non-native and partly inaccurate phrasing.",3.7100000000000004
90,IOL_Research,"Brewster Brothers"" wash plants transform 100 per cent of the excavated soils and rubble they process from the construction industry into high-value aggregates for reuse. Over the past six years, the firm's site near Livingston, West Lothian has prevented almost 1.35 million tonnes of construction, demolition and excavation waste going to landfill. It has created more than one million tonnes of recycled aggregates to sell into the industry.","Die Waschanlagen der <v>""</v>Brewster Brothers"" verwandeln 100 % der ausgehobenen Böden und Trümmer, die sie aus der Baubranche verarbeiten, in hochwertige Aggregatsstoffe für die Wiederverwendung. In den letzten sechs Jahren hat der Standort des Unternehmens in der Nähe von Livingston, West Lothian, fast 1,35 Millionen Tonnen Bau-, Abbruch- und Ausgrabungsschutt verhindert, der auf Mülldeponien gelangt wäre. Es hat mehr als eine Million Tonnen recycelter Aggregatsstoffe für den Verkauf an die Branche hergestellt.",,-2.0,wmt24,en-de,en,de,wmt24_mqm_tsv,en-de,,,False,1.0,4.0,3.0,4.0,4.0,3.5,collocation,major,Aggregatsstoffe,"„Gesteinskörnungen/Zuschlagstoffe“ statt „Aggregatsstoffe“; „Boden- und Bauschutt“ statt „ausgehobene Böden und Trümmer“; „Aushubabfälle“ statt „Ausgrabungsschutt“; „hat verhindert, dass … auf Deponien landeten“; „Der Standort hat … erzeugt“; „zum Verkauf in die Bauwirtschaft“.",Stark englisch geprägte Terminologie und Phrasierung führen zu unüblichen Fachwortwahlen und holprigem Deutsch.,3.6350000000000002
90,Llama3-70B,"Brewster Brothers"" wash plants transform 100 per cent of the excavated soils and rubble they process from the construction industry into high-value aggregates for reuse. Over the past six years, the firm's site near Livingston, West Lothian has prevented almost 1.35 million tonnes of construction, demolition and excavation waste going to landfill. It has created more than one million tonnes of recycled aggregates to sell into the industry.","Die <v>""</v>Brewster Brothers""-Waschanlagen verwandeln 100 Prozent der ausgehobenen Böden und Schutt, die sie aus der Bauindustrie verarbeiten, in hochwertige Zuschlagstoffe für die Wiederverwendung. In den letzten sechs Jahren hat der Standort des Unternehmens nahe Livingston, West Lothian fast 1,35 Millionen Tonnen Abfälle aus Bau, Abriss und Ausgrabungen daran gehindert, auf Deponien zu gelangen. Es hat mehr als eine Million Tonnen recycelter Zuschlagstoffe für den Verkauf in die Industrie erstellt.",,-2.0,wmt24,en-de,en,de,wmt24_mqm_tsv,en-de,,,False,1.0,4.0,3.0,5.0,4.5,3.5,collocation,major,für den Verkauf in die Industrie erstellt,"…mehr als eine Million Tonnen recycelter Zuschlagstoffe produziert, zum Verkauf an die Industrie.",Unidiomatic collocations and calqued phrasing make the text sound non-native.,3.755000000000001
90,MSLC,"Brewster Brothers"" wash plants transform 100 per cent of the excavated soils and rubble they process from the construction industry into high-value aggregates for reuse. Over the past six years, the firm's site near Livingston, West Lothian has prevented almost 1.35 million tonnes of construction, demolition and excavation waste going to landfill. It has created more than one million tonnes of recycled aggregates to sell into the industry.","<v>Brewster Brothers wandeln 100 % der ausgegrabenen Böden um und drücken sie von der Bauindustrie in hochwertige Aggregate für die Weiterverwendung</v>. In den letzten sechs Jahren hat West Lothian nahe Livingston fast 1,35 Millionen Tonnen Bau-, Abbruch- und Grabungsabfälle auf Deponien verhindert. Es hat mehr als eine Million Tonnen recycelter Aggregate für den Verkauf in die Industrie geschaffen.",,-5.0,wmt24,en-de,en,de,wmt24_mqm_tsv,en-de,,,False,1.0,2.5,2.0,2.5,2.5,2.0,false_friend,critical,drücken sie von der Bauindustrie,"die sie aus der Bauwirtschaft verarbeiten, in","A false-friend choice and mirrored structure (e.g., 'drücken' for 'process') lead to distorted meaning and highly non-idiomatic phrasing.",2.275
90,Mistral-Large,"Brewster Brothers"" wash plants transform 100 per cent of the excavated soils and rubble they process from the construction industry into high-value aggregates for reuse. Over the past six years, the firm's site near Livingston, West Lothian has prevented almost 1.35 million tonnes of construction, demolition and excavation waste going to landfill. It has created more than one million tonnes of recycled aggregates to sell into the industry.","Die Aufbereitungsanlagen der „Brewster Brothers“ wandeln 100 Prozent der Böden und Trümmer, die sie aus der Bauindustrie verarbeiten, in hochwertige Aggregate für die Wiederverwendung um. In den letzten sechs Jahren hat das Unternehmen auf seiner Baustelle in der Nähe von Livingston, West Lothian, fast 1,35 Millionen Tonnen Bau-, Abbruch- und Aushubabfälle davon abgehalten, auf Deponien zu landen. Es wurden mehr als eine Million Tonnen recycelter Aggregate hergestellt, die in die Industrie verkauft werden.",,0.0,wmt24,en-de,en,de,wmt24_mqm_tsv,en-de,,,True,2.0,4.0,3.0,5.0,5.0,4.0,false_friend,major,recycelter Aggregate,"Aggregate → Gesteinskörnungen; außerdem: Baustelle → Standort, Trümmer → Bauschutt, Böden → Aushubböden, in die Industrie verkauft → an die Branche verkauft","Key domain terms are mistranslated (notably 'aggregates'), causing a false-friend error and several non-idiomatic collocations.",3.8700000000000006
90,ONLINE-B,"Brewster Brothers"" wash plants transform 100 per cent of the excavated soils and rubble they process from the construction industry into high-value aggregates for reuse. Over the past six years, the firm's site near Livingston, West Lothian has prevented almost 1.35 million tonnes of construction, demolition and excavation waste going to landfill. It has created more than one million tonnes of recycled aggregates to sell into the industry.","Die Waschanlagen von Brewster Brothers wandeln 100 Prozent der ausgehobenen Erde und des Bauschutts, die sie aus der Bauindustrie verarbeiten, in hochwertige Zuschlagstoffe zur Wiederverwendung um. In den letzten sechs Jahren hat das Unternehmen an seinem Standort in der Nähe von Livingston, West Lothian, verhindert, dass fast 1,35 Millionen Tonnen Bau-, Abbruch- und Aushubabfälle auf Deponien landeten. Es wurden mehr als eine Million Tonnen recycelter Zuschlagstoffe erzeugt, die an die Industrie verkauft werden.",,0.0,wmt24,en-de,en,de,wmt24_mqm_tsv,en-de,,,False,1.0,6.0,5.0,6.0,6.0,5.5,calque,major,die sie aus der Bauindustrie verarbeiten,… der aus der Bauwirtschaft stammenden Böden und des Bauschutts … / … die sie aus der Bauwirtschaft annehmen und aufbereiten …,Over-literal mirroring of the English relative clause produces an unnatural structure in German.,5.635000000000002
90,ONLINE-W,"Brewster Brothers"" wash plants transform 100 per cent of the excavated soils and rubble they process from the construction industry into high-value aggregates for reuse. Over the past six years, the firm's site near Livingston, West Lothian has prevented almost 1.35 million tonnes of construction, demolition and excavation waste going to landfill. It has created more than one million tonnes of recycled aggregates to sell into the industry.","Die Waschanlagen von Brewster Brothers wandeln 100 Prozent des von ihnen aufbereiteten Bodenaushubs und Schutts aus der Bauindustrie in hochwertige Zuschlagstoffe für die Wiederverwendung um. In den vergangenen sechs Jahren hat der Standort des Unternehmens in der Nähe von Livingston, West Lothian, verhindert, dass fast 1,35 Millionen Tonnen Bau-, Abbruch- und Aushubabfälle auf Deponien landeten. Dabei wurden mehr als eine Million Tonnen rezyklierte Zuschlagstoffe erzeugt, die an die Industrie verkauft werden.",,0.0,wmt24,en-de,en,de,wmt24_mqm_tsv,en-de,,,False,1.0,6.5,5.5,6.5,6.5,7.5,collocation,minor,auf Deponien landeten,auf Deponien deponiert wurden,"Several collocations are non-idiomatic for the technical register, reducing naturalness.",6.390000000000001
90,Unbabel-Tower70B,"Brewster Brothers"" wash plants transform 100 per cent of the excavated soils and rubble they process from the construction industry into high-value aggregates for reuse. Over the past six years, the firm's site near Livingston, West Lothian has prevented almost 1.35 million tonnes of construction, demolition and excavation waste going to landfill. It has created more than one million tonnes of recycled aggregates to sell into the industry.","Die Waschanlagen der „Brewster Brothers“ verwandeln 100 Prozent des ausgegrabenen Bodens und Schutts aus der Bauindustrie in hochwertige Zuschlagstoffe zur Wiederverwendung. In den letzten sechs Jahren hat die Firma an ihrem Standort in der Nähe von Livingston, West Lothian, verhindert, dass fast 1,35 Millionen Tonnen an Bau-, Abriss- und Aushubabfällen auf Deponien landeten. Sie hat über eine Million Tonnen recycelter Zuschlagstoffe hergestellt, die an die Industrie verkauft wurden.",,0.0,wmt24,en-de,en,de,wmt24_mqm_tsv,en-de,,,False,1.0,6.0,5.0,6.0,5.5,7.0,collocation,major,ausgegrabenen Bodens,ausgehobenen Bodens (oder: Aushubmaterial),Mehrere fachlich unübliche Kollokationen und leicht holprige Formulierungen mindern die Natürlichkeit.,5.860000000000001
90,refA,"Brewster Brothers"" wash plants transform 100 per cent of the excavated soils and rubble they process from the construction industry into high-value aggregates for reuse. Over the past six years, the firm's site near Livingston, West Lothian has prevented almost 1.35 million tonnes of construction, demolition and excavation waste going to landfill. It has created more than one million tonnes of recycled aggregates to sell into the industry.","Die Waschanlagen der Brewster Brothers wandeln 100 Prozent des ausgegrabenen Bauschutts, den sie von der Baubranche erhalten, in hochwertige Aggregate um, die wieder neu genutzt werden können. In den letzten sechs Jahren hat das Werk des Unternehmens in der Nähe von Livingston, West Lothian, verhindert, dass fast 1,35 Millionen Tonnen an Bau-, Abriss- und Grabungsschutt auf einer Müllhalde landen. Es wurden mehr als eine Million Tonnen recycelter Aggregate erschaffen, um sie in der Branche zu verkaufen.",,0.0,wmt24,en-de,en,de,wmt24_mqm_tsv,en-de,,,False,1.0,4.0,3.0,5.0,4.0,4.5,false_friend,major,recycelter Aggregate,Aggregate -> Gesteinskörnungen; 'erschaffen' -> 'hergestellt'; 'Müllhalde' -> 'Deponie'; 'von der Baubranche erhalten' -> 'aus der Baubranche verarbeiten'.,"False-friend 'Aggregate' plus register and collocation slips yield a non-native, technically off tone.",3.895000000000001
90,Aya23,"Brewster Brothers"" wash plants transform 100 per cent of the excavated soils and rubble they process from the construction industry into high-value aggregates for reuse. Over the past six years, the firm's site near Livingston, West Lothian has prevented almost 1.35 million tonnes of construction, demolition and excavation waste going to landfill. It has created more than one million tonnes of recycled aggregates to sell into the industry.","Las plantas de lavado Brewster Brothers transforman el 100% de los suelos y escombros excavados que procesan de la industria de la construcción en agregados de alto valor para su reutilización. Durante los últimos seis años, la empresa ha evitado que casi 1<v>,</v>35 millones de toneladas de residuos de construcción, demolición y excavación sean enviados a vertederos. Ha creado más de un millón de toneladas de agregados reciclados para vender en la industria.",,-1.0,wmt24,en-es,en,es,wmt24_mqm_tsv,en-es,,,False,1.0,4.5,3.5,4.5,5.5,4.5,collocation,major,que procesan de la industria de la construcción,procedentes de la industria de la construcción,"Unnatural collocations and overly literal phrasing reduce sector-appropriate, native-sounding Spanish.",4.28
90,Claude-3.5,"Brewster Brothers"" wash plants transform 100 per cent of the excavated soils and rubble they process from the construction industry into high-value aggregates for reuse. Over the past six years, the firm's site near Livingston, West Lothian has prevented almost 1.35 million tonnes of construction, demolition and excavation waste going to landfill. It has created more than one million tonnes of recycled aggregates to sell into the industry.","Las plantas de lavado de Brewster Brothers transforman el 100 por ciento de los suelos excavados y los escombros que procesan de la industria de la construcción en agregados de alto valor para su reutilización. Durante los últimos seis años, el sitio de la empresa cerca de Livingston, West Lothian, ha evitado que casi 1,35 millones de toneladas de residuos de construcción, demolición y excavación vayan a vertederos. Ha creado más de un millón de toneladas de agregados reciclados para vender a la industria.",,0.0,wmt24,en-es,en,es,wmt24_mqm_tsv,en-es,,,True,2.0,6.0,5.5,6.0,7.0,5.0,collocation,major,el sitio de la empresa,"las instalaciones (o la planta) de la empresa cerca de Livingston, en West Lothian","Uso de colocaciones poco naturales y calcos leves del inglés que restan naturalidad (p. ej., «sitio» por «planta/instalaciones», «crear» por «producir», y «que procesan de» por «procedentes de»).",5.75
90,CommandR-plus,"Brewster Brothers"" wash plants transform 100 per cent of the excavated soils and rubble they process from the construction industry into high-value aggregates for reuse. Over the past six years, the firm's site near Livingston, West Lothian has prevented almost 1.35 million tonnes of construction, demolition and excavation waste going to landfill. It has created more than one million tonnes of recycled aggregates to sell into the industry.","Las plantas de lavado ""Hermanos Brewster"" transforman el 100 por ciento de los suelos excavados y escombros que procesan de la industria de la construcción en agregados de alto valor para su reutilización. Durante los últimos seis años, el sitio de la empresa cerca de Livingston, West Lothian, ha evitado que casi 1<v>,</v>35 millones de toneladas de desechos de construcción, demolición y excavación terminen en vertederos. Ha creado más de un millón de toneladas de agregados reciclados para vender a la industria.",,-1.0,wmt24,en-es,en,es,wmt24_mqm_tsv,en-es,,,False,1.0,5.0,4.5,6.5,5.0,4.0,collocation,major,que procesan de la industria de la construcción,procedentes de la industria de la construcción,"Varios calcos y elecciones collocacionales poco naturales (p. ej., sitio, procesan de, ha creado) restan naturalidad y adecuación terminológica.",4.825
90,Dubformer,"Brewster Brothers"" wash plants transform 100 per cent of the excavated soils and rubble they process from the construction industry into high-value aggregates for reuse. Over the past six years, the firm's site near Livingston, West Lothian has prevented almost 1.35 million tonnes of construction, demolition and excavation waste going to landfill. It has created more than one million tonnes of recycled aggregates to sell into the industry.","Las plantas de lavado de Brewster Brothers transforman el 100% de los suelos excavados y escombros que procesan de la industria de la construcción en agregados de alto valor para su reutilización. En los últimos seis años, las instalaciones de la empresa cerca de Livingston, West Lothian, han evitado que casi 1.35 millones de toneladas de residuos de construcción, demolición y excavación fueran a parar a vertederos. Ha producido más de un millón de toneladas de agregados reciclados para vender a la industria.",,0.0,wmt24,en-es,en,es,wmt24_mqm_tsv,en-es,,,False,1.0,6.0,6.0,5.0,6.5,5.5,calque,major,que procesan de la industria de la construcción,procedentes del sector/de la industria de la construcción,Calque of English structure leads to unnatural phrasing; it should use 'procedentes de' instead of 'que procesan de'.,5.855
90,GPT-4,"Brewster Brothers"" wash plants transform 100 per cent of the excavated soils and rubble they process from the construction industry into high-value aggregates for reuse. Over the past six years, the firm's site near Livingston, West Lothian has prevented almost 1.35 million tonnes of construction, demolition and excavation waste going to landfill. It has created more than one million tonnes of recycled aggregates to sell into the industry.","Las plantas de lavado de Brewster Brothers transforman el 100% de los suelos excavados y escombros que procesan de la industria de la construcción en agregados de alto valor para su reutilización. Durante los últimos seis años, el sitio de la empresa cerca de Livingston, West Lothian, ha evitado que casi 1,35 millones de toneladas de residuos de construcción, demolición y excavación vayan a vertederos. Ha creado más de un millón de toneladas de agregados reciclados para vender en la industria.",,0.0,wmt24,en-es,en,es,wmt24_mqm_tsv,en-es,,,False,1.0,6.0,5.0,6.5,6.5,4.5,calque,major,el sitio de la empresa,las instalaciones de la empresa,"Calque-like phrasing (e.g., ""sitio"", ""procesan de la industria..."") mirrors the source and sounds non-native.",5.54
90,Gemini-1.5-Pro,"Brewster Brothers"" wash plants transform 100 per cent of the excavated soils and rubble they process from the construction industry into high-value aggregates for reuse. Over the past six years, the firm's site near Livingston, West Lothian has prevented almost 1.35 million tonnes of construction, demolition and excavation waste going to landfill. It has created more than one million tonnes of recycled aggregates to sell into the industry.","Las plantas de lavado de ""Brewster Brothers"" transforman el 100% de los suelos excavados y los escombros que procesan de la industria de la construcción en agregados de alto valor para su reutilización. En los últimos seis años, las instalaciones de la empresa cerca de Livingston, West Lothian, han evitado que casi 1<v>,</v>35 millones de toneladas de residuos de construcción, demolición y excavación acaben en el vertedero. Ha creado más de un millón de toneladas de agregados reciclados para vender a la industria.",,-1.0,wmt24,en-es,en,es,wmt24_mqm_tsv,en-es,,,True,2.0,4.5,4.0,4.0,5.5,4.5,collocation,major,que procesan de la industria de la construcción,"que procesan, procedentes del sector de la construcción",Non-idiomatic sector terminology and calque-like phrasing make the text sound unnatural.,4.375
90,IKUN,"Brewster Brothers"" wash plants transform 100 per cent of the excavated soils and rubble they process from the construction industry into high-value aggregates for reuse. Over the past six years, the firm's site near Livingston, West Lothian has prevented almost 1.35 million tonnes of construction, demolition and excavation waste going to landfill. It has created more than one million tonnes of recycled aggregates to sell into the industry.","Las plantas de lavado de Brewster Brothers transforman el 100 % de los suelos y escombros que procesan de la industria de la construcción en agregados de alto valor para su reutilización. En los últimos seis años, el sitio de la empresa cerca de Livingston, West Lothian, ha evitado casi 1<v>,</v>35 millones de toneladas de residuos de construcción, demolición y excavación que van a vertederos. Ha creado más de 1 millón de toneladas de agregados reciclados para vender a la industria.",,-1.0,wmt24,en-es,en,es,wmt24_mqm_tsv,en-es,,,False,1.0,4.0,3.0,5.5,4.5,3.0,collocation,major,que procesan de la industria de la construcción,procedentes del sector de la construcción,"Calques and non-idiomatic collocations (e.g., vertedero, sitio, crear agregados) reduce naturalness in the sector-specific register.",3.7150000000000007
90,IOL_Research,"Brewster Brothers"" wash plants transform 100 per cent of the excavated soils and rubble they process from the construction industry into high-value aggregates for reuse. Over the past six years, the firm's site near Livingston, West Lothian has prevented almost 1.35 million tonnes of construction, demolition and excavation waste going to landfill. It has created more than one million tonnes of recycled aggregates to sell into the industry.","Las plantas de lavado de ""Brewster Brothers"" transforman el 100% de los suelos y escombros excavados que procesan de la industria de la construcción en agregados de alto valor para su reutilización. En los últimos seis años, el sitio de la empresa cerca de Livingston, West Lothian, ha evitado que casi <v>1,35</v> millones de toneladas de desechos de construcción, demolición y excavación terminen en un vertedero. Ha creado más de un millón de toneladas de agregados reciclados para vender a la industria.",,-1.0,wmt24,en-es,en,es,wmt24_mqm_tsv,en-es,,,False,1.0,5.0,4.0,6.0,5.5,4.0,collocation,major,que procesan de la industria de la construcción,"que procesan, procedentes de la industria de la construcción",Varias combinaciones poco idiomáticas y giros calcados del inglés afectan la naturalidad del texto.,4.67
90,Llama3-70B,"Brewster Brothers"" wash plants transform 100 per cent of the excavated soils and rubble they process from the construction industry into high-value aggregates for reuse. Over the past six years, the firm's site near Livingston, West Lothian has prevented almost 1.35 million tonnes of construction, demolition and excavation waste going to landfill. It has created more than one million tonnes of recycled aggregates to sell into the industry.","Las plantas de lavado de ""Brewster Brothers"" transforman el 100 por ciento de los suelos excavados y escombros que procesan de la industria de la construcción en agregados de alto valor para reutilizar. En los últimos seis años, el sitio de la empresa cerca de Livingston, West Lothian, ha evitado que casi 1<v>,</v>35 millones de toneladas de residuos de construcción, demolición y excavación vayan a vertederos. Ha creado más de un millón de toneladas de agregados reciclados para vender a la industria.",,-1.0,wmt24,en-es,en,es,wmt24_mqm_tsv,en-es,,,False,1.0,4.5,3.5,5.5,5.0,3.0,calque,major,que procesan de la industria de la construcción,procedentes del sector de la construcción,Varios calcos literales producen giros poco naturales y combinaciones léxicas débiles.,4.085
90,MSLC,"Brewster Brothers"" wash plants transform 100 per cent of the excavated soils and rubble they process from the construction industry into high-value aggregates for reuse. Over the past six years, the firm's site near Livingston, West Lothian has prevented almost 1.35 million tonnes of construction, demolition and excavation waste going to landfill. It has created more than one million tonnes of recycled aggregates to sell into the industry.","Las plantas de lavado de Brewster Brothers transforman el 100% de los suelos y escombros excavados que procesan desde la industria de la construcción en agregados de alto valor para su reutilización. Durante los últimos seis años, el emplazamiento de la empresa cerca de Livingston, West Lothian, ha impedido que casi 1<v>,</v>35 millones de toneladas de residuos de construcción, demolición y excavación vayan a vertederos. Ha creado más de un millón de toneladas de agregados reciclados para su venta a la industria.",,-1.0,wmt24,en-es,en,es,wmt24_mqm_tsv,en-es,,,False,1.0,5.0,4.5,6.0,6.0,4.0,calque,major,que procesan desde la industria de la construcción,procedentes del sector de la construcción; usar 'instalación/planta' en lugar de 'emplazamiento'; 'ha evitado que... acaben en vertedero'; 'ha producido' en lugar de 'ha creado',Over-literal calques produce non-idiomatic phrasing and weak collocations.,4.84
90,Mistral-Large,"Brewster Brothers"" wash plants transform 100 per cent of the excavated soils and rubble they process from the construction industry into high-value aggregates for reuse. Over the past six years, the firm's site near Livingston, West Lothian has prevented almost 1.35 million tonnes of construction, demolition and excavation waste going to landfill. It has created more than one million tonnes of recycled aggregates to sell into the industry.","Las plantas de lavado ""Brewster Brothers"" transforman el 100 por ciento de los suelos excavados y escombros que procesan de la industria de la construcción en agregados de alto valor para su reutilización. Durante los últimos seis años, el sitio de la empresa cerca de Livingston, West Lothian, ha evitado que casi 1,35 millones de toneladas de residuos de construcción, demolición y excavación vayan a vertederos. Ha creado más de un millón de toneladas de agregados reciclados para vender a la industria.",,0.0,wmt24,en-es,en,es,wmt24_mqm_tsv,en-es,,,False,1.0,5.0,4.0,6.5,6.0,4.0,calque,major,"Las plantas de lavado ""Brewster Brothers""",Las plantas de lavado de Brewster Brothers,Calqued English structures (possessive and phrasing) make the Spanish sound unnatural and less technical.,4.745
90,ONLINE-B,"Brewster Brothers"" wash plants transform 100 per cent of the excavated soils and rubble they process from the construction industry into high-value aggregates for reuse. Over the past six years, the firm's site near Livingston, West Lothian has prevented almost 1.35 million tonnes of construction, demolition and excavation waste going to landfill. It has created more than one million tonnes of recycled aggregates to sell into the industry.","Las plantas de lavado de Brewster Brothers transforman el 100 por ciento de los suelos excavados y los escombros que procesan de la industria de la construcción en agregados de alto valor para su reutilización. Durante los últimos seis años, el sitio de la empresa cerca de Livingston, West Lothian, ha evitado casi 1,35 millones de toneladas de <v>Los</v> residuos de construcción, demolición y excavación van a vertederos. Ha creado más de un millón de toneladas de áridos reciclados para venderlos en la industria.",,-1.0,wmt24,en-es,en,es,wmt24_mqm_tsv,en-es,,,False,1.0,4.0,3.0,2.5,4.0,3.0,calque,major,"Los residuos de construcción, demolición y excavación van a vertederos","ha evitado que casi 1,35 millones de toneladas de residuos de construcción, demolición y excavación acaben en vertedero",Calque of the English structure yields an ungrammatical clause; it should be ‘evitar que X vaya/acabe en vertedero’.,3.415
90,ONLINE-W,"Brewster Brothers"" wash plants transform 100 per cent of the excavated soils and rubble they process from the construction industry into high-value aggregates for reuse. Over the past six years, the firm's site near Livingston, West Lothian has prevented almost 1.35 million tonnes of construction, demolition and excavation waste going to landfill. It has created more than one million tonnes of recycled aggregates to sell into the industry.","Las plantas de lavado de Brewster Brothers transforman el 100% de las tierras excavadas y los escombros que procesan de la industria de la construcción en áridos de alto valor para su reutilización. En los últimos seis años, las instalaciones de la empresa cerca de Livingston (West Lothian) han evitado que casi 1<v>,</v>35 millones de toneladas de residuos de construcción, demolición y excavación fueran a parar a vertederos. Además, ha generado más de un millón de toneladas de áridos reciclados para vender a la industria.",,-1.0,wmt24,en-es,en,es,wmt24_mqm_tsv,en-es,,,True,2.0,4.5,5.0,5.0,6.5,6.0,discourse_marker,major,"Además, ha generado","Además, estas instalaciones han generado más de un millón de toneladas de áridos reciclados para su venta en el sector.",Subject–number mismatch and a coherence slip after a plural antecedent.,5.0600000000000005
90,Unbabel-Tower70B,"Brewster Brothers"" wash plants transform 100 per cent of the excavated soils and rubble they process from the construction industry into high-value aggregates for reuse. Over the past six years, the firm's site near Livingston, West Lothian has prevented almost 1.35 million tonnes of construction, demolition and excavation waste going to landfill. It has created more than one million tonnes of recycled aggregates to sell into the industry.","Las plantas de lavado de <v>«Brewster</v> Brothers» transforman el 100% de los suelos excavados y los escombros que procesan de la industria de la construcción en agregados de alto valor que se pueden reutilizar. En los últimos seis años, la planta de la empresa situada cerca de Livingston, West Lothian, ha evitado el envío de casi 1,35 millones de toneladas de residuos de construcción, demolición y excavación a vertederos, y ha creado más de un millón de toneladas de agregados reciclados para su venta a la industria.",,-3.0,wmt24,en-es,en,es,wmt24_mqm_tsv,en-es,,,False,1.0,6.5,5.5,7.5,7.5,5.5,calque,major,que procesan de la industria de la construcción,procedentes del sector de la construcción,Calqued phrasing from English yields awkward structure and some domain-unnatural terms.,6.200000000000001
90,refA,"Brewster Brothers"" wash plants transform 100 per cent of the excavated soils and rubble they process from the construction industry into high-value aggregates for reuse. Over the past six years, the firm's site near Livingston, West Lothian has prevented almost 1.35 million tonnes of construction, demolition and excavation waste going to landfill. It has created more than one million tonnes of recycled aggregates to sell into the industry.","Las plantas de reciclaje de Brewster Brothers transforman el 100% de las tierras excavadas y los escombros que procesan de la industria de la construcción en áridos de alto valor para ser reusados. Durante los seis últimos años, las instalaciones situadas cerca de Livingston (West Lothian) han evitado el vertido de 1.35 millones de toneladas de residuos procedentes de la construcción, demolición y excavación. Han creado más de un millón de toneladas de áridos reciclados para venderlos a la industria.",,0.0,wmt24,en-es,en,es,wmt24_mqm_tsv,en-es,,,True,2.0,5.5,4.5,5.0,6.0,5.0,collocation,major,han evitado el vertido de 1.35 millones de toneladas,"han evitado que casi 1,35 millones de toneladas de residuos de construcción, demolición y excavación acabaran en vertedero","Several calque-like, nonstandard collocations make the Spanish sound non-native.",5.120000000000001
360,IOL_Research,実際生きるか死ぬかでそういうことをすったもんだやってる時って 意外とそういう死生観でそれぞれが皆さん考えることって 兵隊さん軍人もあるんですよ はいはい それがもう70年も80年も経っちゃうとみんな忘れる いわゆる死が身近じゃないっていう世界に我々今近代生きてるわけですよ うん はい で改めてそういうことが長い時間って言うとね,<v>实际上，通过活着和死亡来了解这些事情的时候，</v>意外地发现每个人都有这样的态度，包括士兵和军人。是的，是的。但当这些事情已经过去了70年或80年，大家都忘记了。我们现代人现在生活在一个所谓死亡并不贴近的世界里。嗯，是的。所以，如果要重新审视这些事情，从长远来看，,,-5.0,wmt24,ja-zh,ja,zh,wmt24_mqm_tsv,ja-zh,,,False,1.0,4.0,3.5,4.0,4.0,3.0,calque,major,通过活着和死亡来了解这些事情的时候,真到生死攸关、为这些事折腾不休的时候,过于照搬源语结构与表达（尤其开头分句），导致不自然并偏离“死生观”的本义。,3.6899999999999995
186,ONLINE-B,佐賀―仙台 第２クオーター、速攻を決める佐賀のレイナルド・ガルシア＝宮城県のゼビオアリーナ仙台（（ｃ）Ｂ．ＬＥＡＧＵＥ）,佐贺-仙台 第2节，佐贺队雷纳尔多·加西亚决定快攻=宫城县仙台<v>Xebio Arena ((c) B.LEAGUE)</v>,,-1.0,wmt24,ja-zh,ja,zh,wmt24_mqm_tsv,ja-zh,,,False,1.0,3.0,2.5,3.5,3.5,2.5,calque,major,决定快攻,第2节，佐贺队的雷纳尔多·加西亚快攻得手——宫城县·仙台Xebio Arena（©B.LEAGUE）,Literal calques from Japanese (“決める”“＝”) make the caption unidiomatic in Chinese.,2.8500000000000005
360,ONLINE-B,実際生きるか死ぬかでそういうことをすったもんだやってる時って 意外とそういう死生観でそれぞれが皆さん考えることって 兵隊さん軍人もあるんですよ はいはい それがもう70年も80年も経っちゃうとみんな忘れる いわゆる死が身近じゃないっていう世界に我々今近代生きてるわけですよ うん はい で改めてそういうことが長い時間って言うとね,事实上，当你生死攸关地知道这样的事情时，令人惊讶的是每个人都会以这种<v>态度</v>思考它，甚至是士兵和军事人员，是的，从那时起已经过去了 70 或 80 年，我们都忘记了我们现在是这样。生活在一个所谓的死亡离我们并不那么近的世界。是的，是的，但让我重申，这需要很长时间。,,-1.0,wmt24,ja-zh,ja,zh,wmt24_mqm_tsv,ja-zh,,,False,0.0,2.0,2.0,2.0,2.0,2.0,calque,major,生死攸关地知道这样的事情时,真正在生死关头为这些事折腾的时候，出人意料地，大家都会从各自的生死观去想——军人也不例外。可一过七八十年，大家就忘了。我们现代人生活在一个死亡不再贴身的世界里。至于这些事，隔了这么久再谈起来——,直译痕迹重，话语结构与表达照搬日语口语，导致中文不自然并伴随语义偏差。,2.0
400,ONLINE-B,ABCニュースです なんでABCニュースをずっと見れますこれも NHKのBS見なくてもずっと見れます なんでこう仕事しながらとか暇な時は私これ聞きながらやってますね これがABCニュースです ただねABCニュースねCM多い これもNo.1モーニングショーとかって書いてありますけど アメリカのNo.1モーニングショー これとかがNHKで流れてるやつですねこれねはい,这是 ABC 新闻。为什么我可以一直看 ABC 新闻，即使我不看 NHK 的 BS，为什么我在工作或空闲时间听这个？ ABC 新闻。<v>这只是 ABC 新闻广告。</v>这也被称为“第一早间节目”，但这是在 NHK 播出的节目。,,-5.0,wmt24,ja-zh,ja,zh,wmt24_mqm_tsv,ja-zh,,,False,0.0,3.0,3.0,2.0,3.0,2.0,discourse_marker,major,为什么我可以一直看 ABC 新闻,这是ABC新闻。这个也可以一直看，不用看NHK的BS频道也能一直看。所以我工作的时候或者有空，就一边听着这个干活。就是ABC新闻。只是广告挺多的。上面还写着“全美收视第一的晨间秀”，这种就是NHK里播的那个。,把口语填充用法的「なんで」直译成“为什么”，导致语气和逻辑错乱并引入多余的疑问句。,2.74
186,refA,佐賀―仙台 第２クオーター、速攻を決める佐賀のレイナルド・ガルシア＝宮城県のゼビオアリーナ仙台（（ｃ）Ｂ．ＬＥＡＧＵＥ）,佐贺vs仙台 第二节，佐贺队的雷纳尔多·加西亚决定快攻=宫城县仙台XEBIO体育馆（(c)B联赛）,,0.0,wmt24,ja-zh,ja,zh,wmt24_mqm_tsv,ja-zh,,,False,1.0,4.5,3.0,4.5,4.5,3.5,false_friend,major,决定快攻,改为“快攻得分”或“快攻得手”，并将“=宫城县仙台XEBIO体育馆”改为“于宫城县的仙台XEBIO体育馆”。,将日语“決める”直译为“决定”，导致体育语境下表达不地道。,3.91
360,refA,実際生きるか死ぬかでそういうことをすったもんだやってる時って 意外とそういう死生観でそれぞれが皆さん考えることって 兵隊さん軍人もあるんですよ はいはい それがもう70年も80年も経っちゃうとみんな忘れる いわゆる死が身近じゃないっていう世界に我々今近代生きてるわけですよ うん はい で改めてそういうことが長い時間って言うとね,事实上，争论是生是死这种问题的时候，你会惊讶地发现，这样的生死观，每个人各自思考的，其实包括士兵和军官也都会这么想 嗯嗯 已经过了70、80年了，每个人都忘记了这一点。也就是说，我们生活在一个离死亡并不那么近的现代社会 嗯，是的 那么，重新探讨这种事情，需要很长时间,,0.0,wmt24,ja-zh,ja,zh,wmt24_mqm_tsv,ja-zh,,,False,1.0,4.0,4.0,3.5,4.0,3.0,calque,major,争论是生是死这种问题的时候,真到生死攸关、乱作一团的时候，人其实都会思量生死——连当兵的也不例外。,"Literal, mirror-like phrasing (e.g., for すったもんだ) yields stiff, semi-misleading Chinese and weak conversational flow.",3.785
400,refA,ABCニュースです なんでABCニュースをずっと見れますこれも NHKのBS見なくてもずっと見れます なんでこう仕事しながらとか暇な時は私これ聞きながらやってますね これがABCニュースです ただねABCニュースねCM多い これもNo.1モーニングショーとかって書いてありますけど アメリカのNo.1モーニングショー これとかがNHKで流れてるやつですねこれねはい,是ABC新闻。为什么可以一直看ABC新闻，即使不看NHK的BS也可以看得到。为什么可以边工作边听或空闲时间听呢？这就是ABC新闻。只是啊，ABC新闻的广告真多，还写着是排名第一的早间节目，也是美国第一早间节目，这是NHK播放的节目哦，就是这个 好的,,0.0,wmt24,ja-zh,ja,zh,wmt24_mqm_tsv,ja-zh,,,False,1.0,4.5,4.5,3.5,4.0,4.5,discourse_marker,major,为什么可以边工作边听或空闲时间听呢？,将“为什么”改为“所以/因此”，并改写：‘这是ABC新闻。所以这个也能一直看，不用看NHK的BS频道也能看。平时工作时或有空我就开着这个当背景听。只是ABC新闻广告很多。上面写着“全美第一的晨间节目”。这种节目NHK也在播，对，就这个。’,把表示因果的「なんで(=なので)」误译成“为什么”，导致不当的疑问句和衔接失当。,4.38
